active,brand,category,intent,question_examples,answer,priority,source_id,updated_at,audience,answer_mode,risk_level,learning_tags,profile_slots,escalation_policy
True,ZeO,faq,shop_opening_hours,Shop mở cửa lúc mấy giờ?;Giờ làm việc của shop thế nào?;Shop bán hàng từ mấy giờ đến mấy giờ?;Hôm nay shop có mở cửa không?;Shop làm việc đến mấy giờ?;may gio mo cua;shop mo cua luc nao;gio hoat dong cua shop;thoi gian mo cua,Dạ shop mở cửa từ 8:00 đến 21:00 mỗi ngày nha bạn.,90,zeo_auto_reply_docx_v1,2026-08-17 00:00:00,customer,direct,low,faq,,
True,ZeO,shipping,nationwide_shipping_no_cod,Shop có giao hàng không?;ZeO có ship toàn quốc không?;Shop giao hàng qua đơn vị nào?;Có giao hàng tận nơi không?;Shop có hỗ trợ COD không?;Tôi có được thanh toán khi nhận hàng không?;ship tiep don cu sao shop;khach cu dat lai co ship khong;ship ve khu vuc minh duoc k;minh o binh duong ship sao;co ship cod khong;co giao hang khong;giao hang the nao,"Dạ ZeO có giao hàng toàn quốc qua các đối tác như GHTK, J&T, v.v. Tuy nhiên bên mình không hỗ trợ hình thức COD nha bạn.",100,zeo_auto_reply_docx_v1,2026-08-17 00:00:00,customer,rewrite,low,faq|shipping|returning_customer,,
True,ZeO,sales,online_purchase,Tôi muốn mua hàng thì làm sao?;Mua sản phẩm ZeO online ở đâu?;Cho mình xin link cửa hàng chính thức;Đặt hàng trực tuyến như thế nào?;Mua hàng qua hotline được không?;Shop gửi mình đường dẫn mua hàng nhé;mua tiep nhu lan truoc duoc k;khach cu muon dat lai;dat them san pham zeo;mua lai don cu;minh da co sdt trong he thong roi;co link shopee ko;co link shopee khong;cho minh link shopee;tôi muốn mua sản phẩm PANO;toi muon mua san pham pano;mua PANO ở đâu;mua pano o dau;làm sao để mua bây giờ;lam sao de mua bay gio;muon mua hang,"Dạ, để mua hàng trực tuyến bạn vui lòng truy cập link cửa hàng chính thức của ZeO Vietnam: https://zeo.vn/. Hoặc bạn có thể liên hệ hotline 1900 5307 để được hỗ trợ đặt hàng nha.",100,zeo_auto_reply_docx_v1,2026-08-17 00:00:00,customer,direct,low,faq|sales|lead_capture|customer_profile|returning_customer,phone|area,
True,ZeO/PANO/Oplus,sales,order_request,Tôi muốn 2kg nước giặt và 2 chai thuốc tẩy;toi muon 2kg nuoc giat va 2 chai thuoc tay;cho mình đặt 1 can nước lau sàn;dat 2 chai nuoc rua chen;lay 3 tui bot giat;minh mua 2 chai tay toilet;shop cho 2 chai javen;toi muon mua 2kg nuoc giat;cho minh dat hang;minh muon mua hang nay,"Dạ ZeO đã ghi nhận nhu cầu đặt sản phẩm của bạn. Bạn gửi thêm số điện thoại và khu vực/tỉnh thành để admin kiểm tra đúng sản phẩm, quy cách và hỗ trợ chốt đơn sớm nhất nha.",98,zeo_runtime_regression_v1,2026-08-17 00:00:00,customer,direct,medium,faq|sales|order_capture|lead_capture|customer_profile,phone|area,if_profile_has_phone_and_area_route_review_order_contact_ready
True,ZeO/PANO/Oplus,sales,wholesale_inquiry,Tôi muốn nhập hàng thì làm sao?;Làm sao để đăng ký làm đại lý?;Tôi muốn lấy sỉ sản phẩm;Muốn kinh doanh ZeO thì liên hệ ai?;Cho mình thông tin nhà phân phối;Tôi muốn hợp tác phân phối sản phẩm;toi muon lam dai ly zeo;minh muon lay si tiep;khach cu muon nhap hang lai;da co sdt roi minh o binh duong;sdt minh da gui truoc do;lay si o khu vuc minh duoc khong;toi muon lam dai li;muon lam dai li;dang ky dai li duoc khong;muon nhap hang,"Dạ bạn vui lòng để lại số điện thoại và khu vực muốn kinh doanh, admin sẽ gửi đến nhà phân phối hoặc nhân viên khu vực liên hệ bạn sớm nhất ạ.",95,zeo_auto_reply_docx_v1,2026-08-17 00:00:00,customer,direct,low,faq|sales|lead_capture|customer_profile|returning_customer,phone|area|need,if_profile_has_phone_and_area_route_review_lead_contact_ready
True,ZeO/PANO/Oplus,support,general_support_request,Cần hỗ trợ;Admin hỗ trợ mình với;Shop ơi giúp mình;Tôi có thắc mắc cần giải đáp;Cần gặp nhân viên tư vấn;ho tro tiep don cu giup;minh da gui sdt roi admin alo giup;khach cu can ho tro tiep;admin goi lai giup minh;can ho tro;can tro giup;giup minh voi,Dạ bạn cần admin hỗ trợ gì về sản phẩm hay dịch vụ ạ?,90,zeo_auto_reply_docx_v1,2026-08-17 00:00:00,customer,direct,low,support|general|returning_customer,,
True,ZeO/PANO/Oplus,support,product_consultation_request,Cần tư vấn;Tư vấn giúp mình;Shop tư vấn sản phẩm với;Mình muốn được tư vấn;Nhờ shop chọn giúp sản phẩm phù hợp;toi muon duoc tu van;tu van giup minh loai nuoc giat;can tu van,Dạ admin sẵn sàng ạ. Bạn cần tư vấn về sản phẩm nào ạ?,90,zeo_auto_reply_docx_v1,2026-08-17 00:00:00,customer,direct,low,support|consultation,,
True,ZeO/PANO/Oplus,faq,company_address,Địa chỉ ở đâu?;Công ty ở đâu vậy shop?;Shop có địa chỉ ở Cần Thơ không?;Cho mình xin địa chỉ công ty;Nhà máy nằm ở khu vực nào?;dia chi cong ty cho khach cu;toi da mua roi muon ghe cong ty;cong ty o tra noc phai khong;dia chi o dau;cty o dau;dia chi o dau vay,"Dạ, địa chỉ Công ty ở: Trục chính KCN Trà Nóc 1, phường Thới An Đông, thành phố Cần Thơ ạ.",90,zeo_auto_reply_docx_v1,2026-08-17 00:00:00,customer,direct,low,faq|address|company|returning_customer,,
True,ZeO/PANO/Oplus,policy,return_policy_scope,Chính sách đổi trả áp dụng cho những sản phẩm nào?;Mua ở đại lý có được đổi trả không?;Mua trên TikTok Shop có đổi trả được không?;Mua trên Shopee có được đổi trả không?;Hàng mua trực tiếp từ công ty có đổi được không?,"Chính sách đổi trả áp dụng cho tất cả sản phẩm thuộc các thương hiệu PANO, ZeO và Oplus được phân phối và bán lẻ qua cửa hàng đại lý, sàn thương mại điện tử (TikTok Shop, Shopee, Tiki) và kênh phân phối trực tiếp của Công ty.",85,zeo_customer_policy_docx_v1,2026-08-17 00:00:00,customer,direct,low,policy|return_scope,,
True,ZeO/PANO/Oplus,policy,return_eligible_cases,Những trường hợp nào được đổi trả hàng?;Sản phẩm bị rò rỉ có được đổi không?;Giao sai mùi hương có được đổi không?;Hàng bị thủng bao bì có được đổi không?;Sản phẩm hết hạn sử dụng có được trả không?;Hàng bị vỡ khi vận chuyển có được đổi không?,"Hàng được chấp nhận đổi trả khi: sản phẩm bị lỗi sản xuất (rò rỉ, nắp hỏng, bao bì thủng, nhãn mác bong tróc do lỗi nhà máy); sản phẩm không đúng chủng loại so với đơn đặt hàng (sai SKU, sai mùi hương, sai trọng lượng); sản phẩm hết hạn sử dụng tại thời điểm giao; hàng hư hỏng trong quá trình vận chuyển có biên bản xác nhận của tài xế; hoặc số lượng thực tế không khớp với hóa đơn/phiếu giao hàng.",95,zeo_customer_policy_docx_v1,2026-08-17 00:00:00,customer,direct,low,policy|return_conditions,,
True,ZeO/PANO/Oplus,policy,return_claim_deadlines,Thời hạn khiếu nại đổi trả là bao lâu?;Nhận hàng bao lâu thì phải báo lỗi vận chuyển?;Bao nhiêu ngày để khiếu nại chất lượng sản phẩm?;Hàng lỗi sản xuất thì báo trong bao lâu?,Thời hạn khiếu nại đổi trả được quy định: lỗi vận chuyển hoặc sai lệch số lượng cần thông báo trong vòng 24 giờ kể từ khi nhận hàng; khiếu nại lỗi chất lượng sản phẩm trong vòng 7 ngày kể từ ngày nhận hàng; lỗi sản xuất phát hiện trong quá trình bán lẻ được giải quyết trong thời hạn sử dụng của sản phẩm.,90,zeo_customer_policy_docx_v1,2026-08-17 00:00:00,customer,direct,low,policy|return_deadlines,,
True,ZeO/PANO/Oplus,policy,return_excluded_cases,Trường hợp nào không được đổi trả?;Dùng rồi có được trả lại không?;Bảo quản sai cách có được đổi không?;Không có hóa đơn có đổi được không?;Đổi ý không muốn mua nữa có trả được không?,"Hàng KHÔNG được đổi trả trong các trường hợp: sản phẩm đã qua sử dụng quá 30% dung tích; sản phẩm bị hư hỏng do bảo quản sai cách (tiếp xúc nhiệt độ cao, ẩm ướt quá mức); không có hóa đơn hoặc phiếu giao hàng kèm theo; hàng đã hết hạn sử dụng nhưng không thông báo trong thời hạn quy định; hoặc khách hàng đổi ý sau khi đã nhận hàng.",90,zeo_customer_policy_docx_v1,2026-08-17 00:00:00,customer,direct,low,policy|return_exclusions,,
True,ZeO/PANO/Oplus,policy,return_process,Quy trình đổi trả hàng như thế nào?;Các bước để đổi trả sản phẩm lỗi?;Làm sao để gửi yêu cầu đổi trả?;Khi nào công ty phản hồi yêu cầu đổi trả?,"Quy trình đổi trả gồm 5 bước: 1. Khách hàng/đại lý liên hệ hotline 1900 5307 hoặc gửi email, ảnh/video sản phẩm lỗi; 2. Bộ phận CSKH tiếp nhận, kiểm tra thông tin đơn hàng và xác nhận điều kiện; 3. Công ty xác nhận chấp thuận hoặc từ chối trong vòng 24 giờ làm việc; 4. Tài xế hoặc đơn vị vận chuyển thu hồi hàng lỗi, giao hàng thay thế hoặc xử lý hoàn tiền; 5. Ghi nhận vào hệ thống, hoàn tất phiếu đổi trả và lưu hồ sơ.",90,zeo_customer_policy_docx_v1,2026-08-17 00:00:00,customer,direct,low,policy|return_workflow,,
True,ZeO/PANO/Oplus,policy,return_resolution_options,Công ty giải quyết đổi trả theo hình thức nào?;Có được đổi sang sản phẩm khác không?;Có được hoàn lại tiền không?;Đại lý được giải quyết đổi trả thế nào?,Các hình thức giải quyết đổi trả gồm: đổi sản phẩm cùng loại (ưu tiên áp dụng khi hàng lỗi hoặc giao sai); hoàn tiền 100% giá trị sản phẩm khi không còn hàng thay thế; hoặc giảm trừ vào đơn hàng kế tiếp theo thỏa thuận đối với đại lý phân phối.,85,zeo_customer_policy_docx_v1,2026-08-17 00:00:00,customer,direct,low,policy|resolution_options,,
True,ZeO/PANO/Oplus,policy,refund_processing_time,Bao lâu thì nhận được tiền hoàn?;Thời gian hoàn tiền là mấy ngày?;Hoàn tiền mất bao lâu?,Thời gian xử lý hoàn tiền là tối đa 5 ngày làm việc kể từ khi Công ty xác nhận chấp thuận đổi trả.,85,zeo_customer_policy_docx_v1,2026-08-17 00:00:00,customer,direct,low,policy|refund_time,,
True,ZeO/PANO/Oplus,operations,new_customer_welcome_template,Có mẫu tin nhắn chào mừng khách hàng mới không?;Mẫu chào khách mới của ZeO thế nào?;Lời chào khách hàng mới viết sao?,"Xin chào [Tên Khách Hàng]! 💙 Cảm ơn bạn đã tin tưởng và lựa chọn sản phẩm PANO / ZeO / Oplus. Chúng tôi cam kết mang đến cho bạn những sản phẩm tẩy rửa chất lượng cao, an toàn cho gia đình và thân thiện với môi trường. Nếu có bất kỳ thắc mắc nào về sản phẩm hoặc đơn hàng, bạn vui lòng liên hệ Hotline 1900 5307 hoặc website zeo.vn. Chúc bạn và gia đình một ngày vui vẻ! – ZeO Vietnam Official",75,zeo_customer_policy_docx_v1,2026-08-17 00:00:00,agent,direct,low,template|welcome,,
True,ZeO/PANO/Oplus,operations,post_purchase_followup_template,Có mẫu hỏi thăm khách sau mua hàng không?;Sau giao hàng 3 ngày nên nhắn tin gì?;Mẫu chăm sóc khách sau bán hàng?,"Xin chào [Tên Khách Hàng]! Đã 3 ngày kể từ khi bạn nhận được đơn hàng [Tên Sản Phẩm]. ZeO Vietnam muốn hỏi thăm xem bạn đã có trải nghiệm như thế nào với sản phẩm ạ? Nếu bạn hài lòng, xin hãy để lại đánh giá 5 sao trên Shopee/TikTok Shop – điều đó giúp chúng tôi rất nhiều! Nếu có bất kỳ vấn đề gì, hãy liên hệ ngay để chúng tôi hỗ trợ bạn nhé. Trân trọng! – Đội ngũ CSKH ZeO Vietnam",75,zeo_customer_policy_docx_v1,2026-08-17 00:00:00,agent,direct,low,template|followup,,
True,ZeO/PANO/Oplus,operations,loyal_customer_thank_template,Có mẫu tri ân khách hàng thân thiết không?;Nên cảm ơn khách hàng lâu năm thế nào?;Mẫu tin nhắn tặng mã giảm giá tri ân?,"Xin chào [Tên Khách Hàng] thân mến! Cảm ơn bạn đã đồng hành cùng PANO / ZeO / Oplus trong [thời gian]. Chúng tôi trân trọng sự tin tưởng mà bạn dành cho thương hiệu. Để bày tỏ lòng biết ơn, ZeO Vietnam xin tặng bạn mã giảm giá [MÃ GIẢM GIÁ] – giảm [X]% cho đơn hàng tiếp theo, có hiệu lực đến [Ngày hết hạn]. Hãy tiếp tục ủng hộ thương hiệu Việt Nam chất lượng cao nhé! 💙 Trân trọng! – ZeO Vietnam Official",75,zeo_customer_policy_docx_v1,2026-08-17 00:00:00,agent,direct,low,template|loyalty,,
True,ZeO/PANO/Oplus,operations,promotion_announcement_template,Có mẫu thông báo khuyến mãi không?;Viết tin nhắn sale cho khách thế nào?;Mẫu thông báo siêu sale của ZeO?,Xin chào [Tên Khách Hàng]! 🔥 SIÊU SALE – ƯU ĐÃI KHÔNG THỂ BỎ QUA! Chương trình [Tên chương trình khuyến mãi] đang diễn ra từ [Ngày bắt đầu] đến [Ngày kết thúc]. 👉 Mua [Tên sản phẩm] – Tặng kèm [Quà tặng kèm theo]. 👉 Đặt hàng ngay tại: zeo.vn | Shopee | TikTok Shop. Số lượng có hạn – Nhanh tay kẻo hết! 🛒 Trân trọng! – ZeO Vietnam Official,75,zeo_customer_policy_docx_v1,2026-08-17 00:00:00,agent,direct,low,template|promotion,,
True,ZeO/PANO/Oplus,support,complaint_handling_principles,Nguyên tắc xử lý khiếu nại là gì?;CSKH cần làm gì khi khách phàn nàn?;Thái độ khi xử lý khiếu nại như thế nào?,"Nguyên tắc xử lý khiếu nại của công ty gồm: Lắng nghe và thấu hiểu (không ngắt lời, ghi nhận đầy đủ); Phản hồi nhanh chóng (không để khách chờ quá quy định); Giải quyết tận gốc (tìm đúng nguyên nhân và xử lý triệt để); Giữ thái độ chuyên nghiệp, hòa nhã (không tranh cãi, không đổ lỗi cho khách hàng hoặc đối tác).",80,zeo_customer_policy_docx_v1,2026-08-17 00:00:00,customer,direct,low,support|complaint_principles,,
True,ZeO/PANO/Oplus,support,complaint_response_time,Bao lâu thì CSKH phản hồi khiếu nại?;Khiếu nại qua mạng được trả lời trong mấy tiếng?;Thời gian phản hồi khiếu nại trực tiếp là bao lâu?,"Thời gian phản hồi khiếu nại: Tiếp nhận và phản hồi bước đầu qua các kênh điện tử (mạng xã hội, email, sàn TMĐT) trong vòng tối đa 2 giờ làm việc; qua các kênh truyền thống (hotline, thư tay) trong vòng tối đa 4 giờ làm việc.",80,zeo_customer_policy_docx_v1,2026-08-17 00:00:00,customer,direct,low,support|complaint_sla,,
True,ZeO/PANO/Oplus,support,complaint_severity_levels,Khiếu nại được chia thành mấy cấp độ?;Giao hàng chậm thuộc cấp độ nào?;Hàng bị đổ vỡ thuộc cấp độ mấy?;Trường hợp ảnh hưởng sức khỏe xử lý thế nào?,"Khiếu nại được chia thành 4 cấp độ: Cấp 1 (Nhẹ): Giao chậm, thiếu quà tặng, sai mùi hương – xử lý trong 4 giờ làm việc; Cấp 2 (Trung bình): Hàng hư hỏng giá trị dưới 500k, thái độ nhân viên chưa tốt – xử lý trong 8 giờ làm việc; Cấp 3 (Nghiêm trọng): Hàng hư hỏng trên 500k, lỗi chất lượng diện rộng – xử lý trong 24 giờ làm việc; Cấp 4 (Đặc biệt nghiêm trọng): Ảnh hưởng sức khỏe người dùng, vấn đề pháp lý – kích hoạt quy trình xử lý khủng hoảng trong 2 giờ.",80,zeo_customer_policy_docx_v1,2026-08-17 00:00:00,customer,direct,low,support|complaint_levels,,
True,ZeO/PANO/Oplus,support,complaint_product_leak,Sản phẩm bị rò rỉ thì làm sao?;Chai bị chảy nước có được đổi không?;Bao bì nước giặt bị bục thì xử lý thế nào?,Dạ bên mình rất tiếc về sự bất tiện này. Bạn vui lòng gửi hình ảnh sản phẩm lỗi và số lô sản xuất in trên bao bì. ZeO Vietnam sẽ xác minh và gửi sản phẩm thay thế hoàn toàn miễn phí đến bạn trong vòng 24–48 giờ làm việc nhé.,90,zeo_customer_policy_docx_v1,2026-08-17 00:00:00,customer,direct,medium,support|complaint_leak,phone|area,if_urgent_route_review
True,ZeO/PANO/Oplus,support,complaint_product_effectiveness,Sản phẩm dùng không hiệu quả thì làm sao?;Giặt không sạch như mong đợi?;Rửa chén không sạch mỡ thì hỗ trợ thế nào?,"Dạ, cảm ơn bạn đã phản hồi để chúng tôi cải thiện! Bạn cho mình hỏi bạn đang dùng sản phẩm nào, trọng lượng bao nhiêu đúng không ạ? Đôi khi hiệu quả giặt/rửa phụ thuộc vào liều lượng và cách sử dụng. Mình xin hướng dẫn lại cách dùng tối ưu để bạn có kết quả tốt nhất nhé! Nếu vẫn chưa ưng ý, chúng tôi sẽ hỗ trợ đổi trả theo chính sách.",85,zeo_customer_policy_docx_v1,2026-08-17 00:00:00,customer,direct,low,support|complaint_effectiveness,,
True,ZeO,support,complaint_one_star_review,Khách đánh giá 1 sao thì phản hồi thế nào?;Nên trả lời review xấu trên Shopee TikTok ra sao?;Mẫu trả lời đánh giá 1 sao của ZeO?,Kính chào bạn! ZeO Vietnam rất tiếc vì trải nghiệm chưa tốt của bạn. Chúng tôi luôn mong muốn mang đến sản phẩm và dịch vụ tốt nhất. Xin bạn vui lòng liên hệ hotline 1900 5307 hoặc nhắn tin trực tiếp để chúng tôi được lắng nghe cụ thể và hỗ trợ bạn đổi trả/bồi hoàn thỏa đáng. Cảm ơn bạn đã đóng góp ý kiến!,75,zeo_customer_policy_docx_v1,2026-08-17 00:00:00,agent,direct,low,support|template_1star,,
True,ZeO/PANO/Oplus,support,complaint_delayed_delivery_refund,Giao hàng chậm có được hoàn tiền không?;Đơn bị thất lạc thì shop xử lý sao?;Chờ lâu quá không thấy giao hàng?,"Dạ bên mình thành thật xin lỗi vì sự chậm trễ này. Bên mình sẽ liên hệ ngay với đơn vị vận chuyển để kiểm tra tình trạng đơn hàng. Nếu đơn bị thất lạc hoặc giao chậm quá 3 ngày so với hẹn, chúng tôi sẽ gửi lại đơn mới hoặc hoàn tiền ngay theo yêu cầu của bạn.",85,zeo_customer_policy_docx_v1,2026-08-17 00:00:00,customer,direct,medium,support|delayed_delivery,phone,if_urgent_route_review
True,ZeO/PANO/Oplus,faq,company_overview,Công ty được thành lập khi nào?;ZeO thuộc công ty nào?;Công ty có bao nhiêu năm kinh nghiệm?;Giới thiệu về Công ty Cổ phần Phân bón và Hóa chất Cần Thơ;Thương hiệu ZeO do công ty nào sản xuất?,"PANO, ZeO và Oplus thuộc Công ty Cổ phần Phân bón và Hóa chất Cần Thơ, được thành lập năm 1977. Với hơn 45 năm kinh nghiệm, công ty là một trong những doanh nghiệp sản xuất hóa chất gia dụng lâu đời và uy tín nhất tại Việt Nam, đạt nhiều chứng nhận chất lượng quốc gia và giải thưởng uy tín.",90,zeo_brand_bible_docx_v1,2026-08-17 00:00:00,customer,direct,low,brand|company_overview,,
True,ZeO/PANO/Oplus,faq,company_contact_information,Hotline chung của công ty là số nào?;Cho mình thông tin liên hệ công ty;Địa chỉ và số điện thoại công ty Cần Thơ là gì?;Trang web chính thức của công ty là gì?,"Địa chỉ Công ty: Trục Chính Khu Công Nghiệp Trà Nóc 1, phường Thới An Đông, Bình Thuỷ, Cần Thơ | Hotline: 0907 902 546 (hoặc hotline CSKH: 1900 5307) | Website: https://zeo.vn/",85,zeo_brand_bible_docx_v1,2026-08-17 00:00:00,customer,direct,low,brand|contact_info,,
True,ZeO/PANO/Oplus,brand,company_vision,Tầm nhìn của công ty là gì?;Công ty muốn phát triển theo hướng nào?;Mục tiêu dài hạn của thương hiệu là gì?,"Tầm nhìn của Công ty là: Trở thành một trong những công ty sản xuất chất tẩy rửa hàng đầu Việt Nam, được công nhận về chất lượng sản phẩm và dịch vụ xuất sắc.",75,zeo_brand_bible_docx_v1,2026-08-17 00:00:00,customer,direct,low,brand|vision,,
True,ZeO/PANO/Oplus,brand,company_mission,Sứ mệnh của công ty là gì?;Thương hiệu mang lại giá trị gì cho gia đình Việt?;Định hướng sứ mệnh của ZeO là gì?,"Sứ mệnh của Công ty là: Cung cấp sản phẩm tẩy rửa chất lượng cao, an toàn cho sức khỏe, thân thiện với môi trường, với giá thành hợp lý – là người bạn đồng hành đáng tin cậy của mọi gia đình Việt Nam.",75,zeo_brand_bible_docx_v1,2026-08-17 00:00:00,customer,direct,low,brand|mission,,
True,ZeO/PANO/Oplus,brand,brand_slogans,Slogan của PANO là gì?;Khẩu hiệu của ZeO là gì?;PANO có thông điệp thương hiệu nào?;Slogan chính thức của ZeO và PANO?,Slogan chính thức: Slogan của PANO là “NÂNG NIU CẢM XÚC”; Slogan của ZeO là “Dòng sản phẩm tẩy rửa chất lượng”.,80,zeo_brand_bible_docx_v1,2026-08-17 00:00:00,customer,direct,low,brand|slogan,,
True,ZeO/PANO/Oplus,brand,core_brand_values,Giá trị cốt lõi của thương hiệu là gì?;Công ty đề cao những giá trị nào?;Bốn giá trị cốt lõi của thương hiệu gồm những gì?,"Bốn giá trị cốt lõi gồm: 1. Chất Lượng (kiểm soát nghiêm ngặt, đạt ISO 9001, chứng nhận Pasteur & quốc tế); 2. Đổi Mới (liên tục ứng dụng Enzyme Thụy Điển, ION, VEILEX, kháng khuẩn); 3. Trách Nhiệm (an toàn sức khỏe, môi trường, cộng đồng); 4. Đồng Hành (lắng nghe và đáp ứng nhu cầu gia đình Việt).",75,zeo_brand_bible_docx_v1,2026-08-17 00:00:00,customer,direct,low,brand|values,,
True,ZeO/PANO/Oplus,brand,brand_personality,Tính cách thương hiệu là gì?;ZeO nên giao tiếp với khách theo phong cách nào?;Hình ảnh thương hiệu hướng tới điều gì?,"Tính cách thương hiệu gồm: Ấm áp & Gần gũi (như người bạn chăm sóc gia đình); Đáng tin cậy (dữ liệu rõ ràng, 45 năm kinh nghiệm); Tự tin & Năng động (tiên phong công nghệ Enzyme, ION); Tươi mới & Trẻ trung (đặc biệt là nhãn hàng PANO cảm xúc).",70,zeo_brand_bible_docx_v1,2026-08-17 00:00:00,agent,direct,low,brand|personality,,
True,ZeO/PANO/Oplus,operations,tone_of_voice_guidelines,ZeO nên xưng hô với khách thế nào?;Quy tắc viết nội dung thương hiệu là gì?;Tone of voice chuẩn của thương hiệu?,"Quy tắc Tone of Voice: Dùng câu ngắn gọn, rõ ràng, dễ hiểu; Xưng hô thân thiện bằng “bạn”, “mình” hoặc “gia đình mình”; Tận dụng emoji tinh tế; Nhấn mạnh lợi ích thực tế cho khách hàng; Giữ sự chân thành, ấm áp và chuyên nghiệp.",70,zeo_brand_bible_docx_v1,2026-08-17 00:00:00,agent,direct,low,operations|tone_of_voice,,
True,ZeO/PANO/Oplus,operations,tone_of_voice_restrictions,Những cách viết nào thương hiệu cần tránh?;Có được so sánh trực tiếp với đối thủ không?;Những điều cấm kỵ khi viết nội dung ZeO?,"Những điều thương hiệu cần tránh: Tránh ngôn ngữ hoa mỹ phức tạp, khó hiểu; Tuyệt đối không gọi tên hoặc so sánh tiêu cực trực tiếp với đối thủ cạnh tranh; Không hứa hẹn quá mức về công dụng sản phẩm; Không dùng ngôn ngữ gây hiểu nhầm về thành phần; Không dùng hình ảnh người nổi tiếng khi chưa có hợp đồng ký kết.",70,zeo_brand_bible_docx_v1,2026-08-17 00:00:00,agent,direct,low,operations|guidelines_restrictions,,
True,ZeO/PANO/Oplus,operations,tiktok_reels_content_style,Nội dung TikTok của ZeO nên viết thế nào?;Video Reels cần mở đầu ra sao?;Mẫu viết kịch bản video ngắn cho PANO?,"Nội dung TikTok / Reels: Cần ngắn gọn, tạo hook mạnh trong 3 giây đầu. Ví dụ: ""Bạn có biết nước giặt PANO tẩy sạch vết bẩn cứng đầu chỉ trong 1 lần giặt không? Xem ngay! 👀"". Đi thẳng vào vấn đề và chứng minh hiệu quả nhanh.",70,zeo_brand_bible_docx_v1,2026-08-17 00:00:00,agent,direct,low,operations|channel_tiktok,,
True,ZeO/PANO/Oplus,operations,ecommerce_product_description_style,Mô tả sản phẩm trên Shopee nên viết thế nào?;Nội dung Tiki cần trình bày ra sao?;Quy chuẩn mô tả sản phẩm sàn thương mại điện tử?,"Mô tả trên Shopee / Tiki: Đầy đủ thông tin, có bullet points rõ ràng, tập trung vào công dụng và USP chính. Không dùng caps lock toàn bộ bài viết, tạo sự chuyên nghiệp và dễ đọc.",70,zeo_brand_bible_docx_v1,2026-08-17 00:00:00,agent,direct,low,operations|channel_ecommerce,,
True,ZeO/PANO/Oplus,operations,facebook_zalo_content_style,Nội dung Facebook của thương hiệu nên viết thế nào?;Zalo OA nên dùng giọng điệu gì?;Cách viết bài đăng Facebook ZeO?,"Nội dung Facebook / Zalo OA: Giọng văn thân mật, gần gũi, có thể viết dài hơn để kể những câu chuyện ngắn về lợi ích và trải nghiệm sản phẩm trong cuộc sống gia đình hàng ngày.",70,zeo_brand_bible_docx_v1,2026-08-17 00:00:00,agent,direct,low,operations|channel_facebook_zalo,,
True,ZeO/PANO/Oplus,operations,email_zalo_business_style,Email của ZeO nên viết theo giọng nào?;Zalo Business cần trang trọng đến mức nào?;Cách gửi tin nhắn Zalo Business chuyên nghiệp?,"Email / Zalo Business: Chuyên nghiệp hơn, trang trọng nhưng vẫn giữ được sự ấm áp, lịch thiệp. Bắt buộc có lời chào và lời cảm ơn rõ ràng.",70,zeo_brand_bible_docx_v1,2026-08-17 00:00:00,agent,direct,low,operations|channel_email_business,,
True,ZeO/PANO/Oplus,operations,review_response_guidelines,Phản hồi đánh giá khách hàng cần lưu ý gì?;Có nên tranh luận với khách khi nhận đánh giá xấu không?;Quy tắc trả lời review?,"Khi phản hồi review của khách hàng: Luôn cảm ơn trước, tuyệt đối không tranh luận, luôn hướng đến giải quyết vấn đề. Tuyệt đối không copy-paste cùng một mẫu phản hồi cho mọi khách hàng.",75,zeo_brand_bible_docx_v1,2026-08-17 00:00:00,agent,direct,low,operations|review_guidelines,,
True,PANO,brand,pano_brand_colors,Màu thương hiệu PANO gồm những màu nào?;Mã màu xanh Navy của PANO là gì?;Mã màu chính của PANO gồm những mã hex nào?,"Bảng màu thương hiệu PANO gồm: Xanh dương đậm (Navy) #0D2C6E (màu chủ đạo, tin cậy); Xanh dương tươi #1A5FD4 (màu phụ, nút bấm/CTA); Hồng tím (Pink) #E84C8B (điểm nhấn cảm xúc); Cyan #00C4E8 (màu tươi mát, icon/badge); Trắng tinh #FFFFFF (nền chính); Xám nhạt #F5F5F5 (nền phụ).",70,zeo_brand_bible_docx_v1,2026-08-17 00:00:00,agent,direct,low,brand|colors,,
True,ZeO/PANO/Oplus,brand,brand_typography,Thương hiệu nên dùng font chữ nào?;Cỡ chữ tiêu đề trong tài liệu là bao nhiêu?;Font chữ quy định cho in ấn và kỹ thuật số?,"Quy chuẩn Typography: Tiêu đề lớn dùng Bold cỡ 24–36pt; Tiêu đề phụ dùng Semi-bold cỡ 14–20pt; Nội dung thân dùng Regular cỡ 11–13pt; Chú thích dùng Italic cỡ 9–11pt. Font in ấn ưu tiên Times New Roman, Arial, Montserrat; Font kỹ thuật số ưu tiên Inter, Roboto, Be Vietnam Pro.",70,zeo_brand_bible_docx_v1,2026-08-17 00:00:00,agent,direct,low,brand|typography,,
True,ZeO,product,zeo_detergent_technology,Bột giặt ZeO dùng công nghệ gì?;Enzyme Thụy Điển có trong sản phẩm nào?;Bột giặt ZeO giặt nước lạnh có sạch không?;bot giat zeo dung cong nghe gi;enzyme thuy dien,"Bột giặt ZeO sử dụng công nghệ chủ lực Enzyme Thụy Điển – giúp tẩy sạch sâu các vết bẩn cứng đầu (dầu mỡ, bùn đất, mồ hôi) ngay cả khi giặt trong nước lạnh.",90,zeo_brand_bible_docx_v1,2026-08-17 00:00:00,customer,direct,low,product|zeo_detergent|technology,,
True,ZeO,product,zeo_detergent_certification,Bột giặt ZeO có chứng nhận gì?;ZeO đã được Viện Pasteur chứng nhận chưa?;Bột giặt ZeO có diệt khuẩn không?;chung nhan bot giat zeo;zeo diet khuan pasteur,Bột giặt ZeO được chứng nhận bởi Viện Pasteur Việt Nam và phòng thí nghiệm tại Singapore về khả năng diệt khuẩn gây hại.,85,zeo_brand_bible_docx_v1,2026-08-17 00:00:00,customer,direct,low,product|zeo_detergent|certification,,
True,ZeO,product,zeo_detergent_fragrance,Bột giặt ZeO có thơm lâu không?;ZeO dùng hương thơm gì?;Hương nước hoa của bột giặt ZeO thế nào?;Bột giặt ZeO có những mùi nào?;bot giat zeo co nhung mui gi;mui huong bot giat zeo,"Bột giặt ZeO có các dòng: Nha Đam, Bọt Biển và Nước Hoa. Sản phẩm sử dụng hương nước hoa cao cấp, lưu giữ lâu theo từng chuyển động – tạo sự tự tin và thoải mái suốt cả ngày.",85,zeo_brand_bible_docx_v1,2026-08-17 00:00:00,customer,direct,low,product|zeo_detergent|fragrance,,
True,ZeO,product,zeo_detergent_usp,Điểm nổi bật nhất của bột giặt ZeO là gì?;USP của bột giặt ZeO là gì?;Bột giặt ZeO có gì khác biệt so với đối thủ?;usp bot giat zeo;diem manh bot giat zeo,"USP chính của Bột giặt ZeO: Là bột giặt Việt Nam đầu tiên ứng dụng đồng thời Enzyme Thụy Điển + Diệt khuẩn Viện Pasteur chứng nhận + Hương nước hoa cao cấp lưu giữ lâu. Thiết kế bao bì đơn giản, sang trọng và khác biệt.",95,zeo_brand_bible_docx_v1,2026-08-17 00:00:00,customer,direct,low,product|zeo_detergent|usp,,
True,Oplus,product,oplus_detergent_ion_technology,Bột giặt Oplus dùng công nghệ gì?;Công nghệ ION có tác dụng gì?;Oplus có giúp quần áo trắng sáng không?;bot giat oplus dung cong nghe gi;cong nghe ion oplus,Bột giặt Oplus sử dụng công nghệ ION tẩy trắng tối ưu – giúp quần áo trắng sáng đều màu và giảm phai màu hiệu quả.,85,zeo_brand_bible_docx_v1,2026-08-17 00:00:00,customer,direct,low,product|oplus_detergent|technology,,
True,Oplus,product,oplus_detergent_features,Bột giặt Oplus có thơm lâu không?;Oplus có hòa tan nhanh không?;Bột giặt Oplus dùng cho giặt tay hay giặt máy?;Oplus có dịu nhẹ da tay không?;bot giat oplus co hai da tay khong,"Bột giặt Oplus sử dụng hương nước hoa Châu Âu lưu hương dịu nhẹ nhưng bền lâu cả ngày; công thức hòa tan nhanh giúp tiết kiệm nước và thời gian (hiệu quả cho cả giặt tay lẫn giặt máy); đồng thời công thức chuyên biệt rất dịu nhẹ với da tay, phù hợp cả người có làn da nhạy cảm.",85,zeo_brand_bible_docx_v1,2026-08-17 00:00:00,customer,direct,low,product|oplus_detergent|features,,
True,Oplus,product,oplus_detergent_usp,USP của bột giặt Oplus là gì?;Oplus có bốn lợi ích nào?;Vì sao bột giặt Oplus tiết kiệm?;usp bot giat oplus;diem manh bot giat oplus,"USP chính của Bột giặt Oplus là: “Sạch sâu, thơm lâu, dịu nhẹ, tiết kiệm” – 4 lợi ích trong 1 sản phẩm với giá thành hợp lý và tiết kiệm nhất trên thị trường hiện tại.",90,zeo_brand_bible_docx_v1,2026-08-17 00:00:00,customer,direct,low,product|oplus_detergent|usp,,
True,Oplus,product,oplus_fabric_softener_unverified,Có nước xả vải Oplus không?;Oplus có nước xả không?;Có nước xả vải oplus k;nuoc xa vai oplus co khong;oplus co nuoc xa vai ko,Dạ hiện dữ liệu thương hiệu chưa có thông tin về nước xả vải Oplus. Bên mình hiện có Bột giặt Oplus công nghệ ION và Nước rửa chén Oplus. Admin sẽ kiểm tra thêm nếu bạn cần thông tin các dòng sản phẩm khác nha.,65,zeo_brand_bible_docx_v1,2026-08-17 00:00:00,customer,direct,low,product|oplus_unverified,,
True,PANO,product,pano_laundry_positioning,PANO là thương hiệu như thế nào?;Nước giặt PANO thuộc phân khúc nào?;Thông điệp thương hiệu của PANO là gì?;Slogan của PANO là gì?;dinh vi thuong hieu pano,"PANO là thương hiệu con định vị ở phân khúc trẻ trung, hiện đại, thiên về cảm xúc. Slogan “NÂNG NIU CẢM XÚC” thể hiện triết lý sản phẩm không chỉ làm sạch mà còn mang lại cảm giác dễ chịu, tươi mới sau mỗi lần giặt.",85,zeo_brand_bible_docx_v1,2026-08-17 00:00:00,customer,direct,low,product|pano_positioning,,
True,PANO,product,pano_laundry_fragrance_options,PANO có những mùi hương nào?;Nước giặt PANO có mấy màu?;Có thể chọn hương nước giặt PANO theo sở thích không?;nuoc giat pano co nhung mui nao;pano co may mau,"Bột giặt và nước giặt PANO có đa dạng tùy chọn hương thơm nhận diện theo các màu: Đỏ, Xanh, Hồng, Cam và Tím – phù hợp sở thích của từng gia đình.",85,zeo_brand_bible_docx_v1,2026-08-17 00:00:00,customer,direct,low,product|pano_fragrance,,
True,PANO,product,pano_veilex_odor_control,Công nghệ VEILEX có tác dụng gì?;PANO có khử mùi quần áo thể thao không?;Nước giặt PANO có khử mùi hôi tốt không?;cong nghe veilex la gi;veilex khu mui do the thao,"PANO ứng dụng công nghệ khử mùi VEILEX – giúp loại bỏ hoàn toàn mùi hôi khó chịu, đặc biệt hiệu quả với vải đồ thể thao và đồ dùng của trẻ em.",85,zeo_brand_bible_docx_v1,2026-08-17 00:00:00,customer,direct,low,product|pano_veilex,,
True,PANO,product,pano_laundry_packaging_and_segment,Nước giặt PANO có dạng túi hay can?;PANO thuộc phân khúc giá nào?;PANO có bao bì gì?;quy cach dong goi nuoc giat pano;pano tui hay can,PANO được thiết kế cho người tiêu dùng phân khúc phổ thông đến trung cấp với mức giá tốt và chất lượng ổn định. Sản phẩm có cả dạng túi và dạng can tiện lợi cho nhiều nhu cầu sử dụng.,80,zeo_brand_bible_docx_v1,2026-08-17 00:00:00,customer,direct,low,product|pano_packaging,,
True,PANO,product,pano_laundry_usp,USP của nước giặt PANO là gì?;Điểm nổi bật của PANO là gì?;Vì sao gọi PANO là nước giặt cảm xúc?;usp nuoc giat pano;diem manh nuoc giat pano,"USP chính của PANO là: “PANO – Nước giặt cảm xúc: Thơm đúng mood, sạch đúng cách, giá đúng tầm”.",90,zeo_brand_bible_docx_v1,2026-08-17 00:00:00,customer,direct,low,product|pano_usp,,
True,PANO,product,pano_product_type,PANO có sản phẩm gì?;Sản phẩm của PANO gồm những gì?;PANO có nước lau sàn không?;PANO bán những gì?;pano co nuoc lau san khong;pano co san pham gi;PANO có nước giặt không?;Thương hiệu PANO có gì?,"Dạ, PANO là thương hiệu thuộc Công ty Cổ phần Phân bón và Hóa chất Cần Thơ (hệ PANO | ZeO | Oplus). Các sản phẩm mang nhãn PANO gồm có: Bột giặt & Nước giặt PANO (nhiều màu hương, khử mùi VEILEX), Nước rửa chén PANO (Chanh và Vitamin E), Xịt tẩy đa năng PANO và Nước lau sàn PANO (hương Hoa Hạ và các hương khác). Bạn muốn tư vấn về sản phẩm nào để mình hỗ trợ cụ thể hơn ạ?",85,zeo_hotfix_floor_cleaner_v1,2026-08-24,customer,direct,low,product|pano_overview,,
True,ZeO,product,zeo_zif_dishwashing_liquid,Nước rửa chén ZeO có thành phần gì?;ZIF rửa chén có dùng chanh tự nhiên không?;Nước rửa chén ZeO có đậm đặc không?;ZeO rửa chén có khử mùi thức ăn không?;USP của nước rửa chén ZIF ZeO là gì?;Nước rửa chén ZeO có diệt khuẩn không?;nuoc rua chen zeo co tot khong;zif rua chen,"ZIF Rửa Chén và ZeO Rửa Chén sử dụng 100% nước cốt chanh tự nhiên, ứng dụng công nghệ diệt khuẩn gây hại đường tiêu hóa có chứng nhận, công thức đậm đặc gấp 2 lần giúp tiết kiệm hơn và loại bỏ hoàn toàn mùi thức ăn bám sau khi rửa.",90,zeo_brand_bible_docx_v1,2026-08-17 00:00:00,customer,direct,low,product|zeo_dishwashing,,
True,PANO,product,pano_dishwashing_lemon_and_vitamin_e,Nước rửa chén PANO có những loại nào?;PANO rửa chén có mấy loại?;Nước rửa chén PANO Vitamin E có tác dụng gì?;PANO rửa chén chanh thế nào?;PANO có nước rửa chén không?;pano co nuoc rua chen khong;nuoc rua bat pano;pano rua chen vitamin e;quy cach nuoc rua chen pano,"Dạ nước rửa chén PANO hiện có 2 dòng: 1. PANO Rửa Chén Chanh (hương chanh tươi mát, khử mùi hiệu quả, công thức nhẹ nhàng cho da tay, quy cách từ 200g đến 3.8kg phù hợp hộ gia đình đến nhà hàng); 2. PANO Rửa Chén Vitamin E (bổ sung Vitamin E giúp dưỡng ẩm và bảo vệ da tay khi rửa, với USP: Rửa sạch + Dưỡng da – 2 tác dụng trong 1 sản phẩm).",90,zeo_brand_bible_docx_v1,2026-08-17 00:00:00,customer,direct,low,product|pano_dishwashing|vitamin_e,,
True,Oplus,product,oplus_dishwashing_liquid,Nước rửa chén Oplus có tốt không?;Oplus có nước rửa chén không?;Nước rửa bát Oplus thế nào?;Quy cách nước rửa chén Oplus;nuoc rua chen oplus;nuoc rua bat oplus co khong;oplus rua chen can 9kg,"Dạ Nước rửa chén Oplus có công thức dịu nhẹ, không gây khô da, hương thơm nhẹ nhàng, bọt phong phú. Sản phẩm có đa dạng quy cách từ gói dùng thử 200g đến can lớn 9kg (tiết kiệm cho nhà hàng và gia đình đông người).",85,zeo_brand_bible_docx_v1,2026-08-17 00:00:00,customer,direct,low,product|oplus_dishwashing,,
True,ZeO,product,zeo_javen_bleach,Nước tẩy Javen ZeO có tác dụng gì?;ZeO có nước Javen không?;Javen ZeO tẩy trắng thế nào?;Thuốc tẩy ZeO có tốt không?;tay javen zeo;co nuoc javen khong;thuoc tay javen zeo;nuoc tay trang javen,"Dạ Nước tẩy Javen ZeO có công thức tẩy và diệt khuẩn đặc biệt, đậm đặc hơn các loại nước tẩy thông thường, giúp tẩy trắng nhanh và khử vết bẩn cứng đầu hiệu quả.",85,zeo_brand_bible_docx_v1,2026-08-17 00:00:00,customer,direct,low,product|zeo_javen,,
True,ZeO,product,zeo_toilet_cleaner,Tẩy Toilet ZeO có diệt khuẩn không?;Nước tẩy bồn cầu ZeO có khử mùi không?;ZeO Toilet có phá được cặn vôi không?;Tẩy Toilet ZeO có làm hỏng ống nước không?;Có bị nồng nặc mùi hôi như mấy loại tẩy con vịt ko?;tay con vit;mui tay toilet;tay toilet co nong khong;tay bon cau co nong mui khong;co hac mui khong;tay toilet zeo;nuoc tay bon cau zeo,"Dạ Nước tẩy toilet ZeO sử dụng hương trái cây thơm mát tự nhiên, hoàn toàn không nồng nặc hay khó thở như các loại tẩy bồn cầu thông thường. Sản phẩm có khả năng diệt khuẩn 99.9%, khử mùi triệt để, phá tan cặn vôi và các vết ố vàng mà vẫn tuyệt đối an toàn cho men sứ và hệ thống ống nước nha bạn! 💙",85,zeo_brand_bible_docx_v1,2026-08-17 00:00:00,customer,direct,low,product|zeo_toilet,,
True,ZeO,faq,cleaning_usage_instruction,Cách dùng sao shop?;Hướng dẫn sử dụng;Cách sử dụng nước tẩy toilet;Dùng thế nào shop?;Cách tẩy bồn cầu;cach dung sao shop;huong dan su dung;cach dung nuoc tay toilet;dung the nao shop,"Dạ cách sử dụng Nước tẩy toilet ZeO rất đơn giản: 1. Xịt trực tiếp dung dịch vào viền bồn cầu và các vị trí bám cặn vôi, ố vàng; 2. Để ngâm từ 5–10 phút để hoạt chất tự động phân rã mảng bám; 3. Dùng chổi cọ chà nhẹ rồi xả nước sạch là bồn cầu sẽ sáng bóng, sạch khuẩn và thơm mát hương trái cây nha! 💙",90,zeo_brand_bible_docx_v1,2026-08-18 00:00:00,customer,direct,low,faq|usage|cleaning,,
True,ZeO,product,zeo_color_bleach,Tẩy Màu ZeO dùng để làm gì?;Quần áo trắng bị ố vàng dùng sản phẩm nào?;Tẩy Màu ZeO có làm hỏng vải không?;tay mau zeo;nuoc tay quan ao mau zeo,"Tẩy Màu ZeO được dùng để phục hồi màu sắc cho quần áo trắng bị ố vàng và an toàn, không làm hỏng chất liệu vải.",85,zeo_brand_bible_docx_v1,2026-08-17 00:00:00,customer,direct,low,product|zeo_color_bleach,,
True,ZeO,product,zeo_glass_cleaner,Lau Kính ZeO dùng cho bề mặt nào?;Nước lau kính ZeO có để lại vệt không?;ZeO lau kính có dùng cho màn hình được không?;lau kinh zeo;nuoc lau kinh zeo,"Lau Kính ZeO giúp làm sạch nhanh bề mặt kính và gương, không để lại vệt ố hoặc bụi bám, phù hợp cho kính cửa, gương trang điểm và màn hình.",85,zeo_brand_bible_docx_v1,2026-08-17 00:00:00,customer,direct,low,product|zeo_glass,,
True,PANO,product,pano_multipurpose_cleaner,Xịt tẩy đa năng PANO dùng cho đâu?;PANO đa năng có cần chà nhiều không?;Một chai xịt đa năng PANO thay thế được những gì?;xit tay da nang pano;pano da nang,"Xịt Tẩy Đa Năng PANO nổi bật với tính năng “xịt là sạch”, không cần chà nhiều lần. Sản phẩm phù hợp cho đa bề mặt: bếp, lavabo, gạch, bồn tắm với USP: 1 chai thay thế nhiều loại hóa chất tẩy rửa.",85,zeo_brand_bible_docx_v1,2026-08-17 00:00:00,customer,direct,low,product|pano_multipurpose,,
True,ZeO/PANO/Oplus,sales,brand_key_selling_points,Điểm bán hàng cốt lõi của thương hiệu là gì?;Vì sao khách hàng nên chọn PANO ZeO Oplus?;Ưu điểm vượt trội của sản phẩm là gì?;key selling points zeo;diem ban hang cot loi,"Những điểm bán hàng cốt lõi (USP) của thương hiệu gồm: 1. Thương hiệu Việt hơn 45 năm uy tín (thành lập 1977); 2. Sản xuất tại Việt Nam với giá thành hợp lý; 3. Công nghệ ngoại nhập tiên tiến (Enzyme Thụy Điển, ION, VEILEX); 4. Chứng nhận khoa học uy tín (Viện Pasteur, ISO 9001, PTN Singapore); 5. Đa dạng phân khúc từ phổ thông (PANO), trung cấp (ZeO) đến Oplus; 6. An toàn gia đình (hương thơm tự nhiên, không hương hóa học hay phẩm màu); 7. Quy cách đa dạng từ 20g đến can 9kg; 8. Khuyến mãi hấp dẫn luôn có quà tặng kèm.",90,zeo_brand_bible_docx_v1,2026-08-17 00:00:00,customer,direct,low,sales|ksp|brand_usp,,
True,ZeO/PANO/Oplus,sales,product_recommendation_by_need,Nên tư vấn sản phẩm theo nhu cầu khách thế nào?;Khách da nhạy cảm nên nhấn mạnh điều gì?;Khách muốn tiết kiệm nên tư vấn điểm nào?;Khách có trẻ nhỏ nên giới thiệu ra sao?;Làm sao kết nối USP với nhu cầu khách hàng?,"Khi tư vấn, luôn kết nối USP với nhu cầu cụ thể: Khách có da nhạy cảm → nhấn mạnh công thức dịu nhẹ (Bột giặt Oplus, PANO Vitamin E); Khách quan tâm tiết kiệm → nhấn mạnh công thức đậm đặc gấp 2 lần (Nước rửa chén ZeO/ZIF, Nước lau sàn ZeO/Oplus); Khách có trẻ nhỏ / quan tâm an toàn → nhấn mạnh thành phần tự nhiên, an toàn không hóa chất gây hại.",85,zeo_brand_bible_docx_v1,2026-08-17 00:00:00,agent,direct,low,sales|consultation_guide,,
True,ZeO,product,zeo_product_catalog_overview,ZeO có những sản phẩm gì?;ZeO bán những gì?;Danh mục sản phẩm ZeO;Cho mình xem các sản phẩm ZeO;Giới thiệu sản phẩm ZeO;ZeO có những mặt hàng nào?;Shop bán những loại nào?;Có những dòng sản phẩm nào?;Các sản phẩm của ZeO gồm những gì?;ZeO có sản phẩm gì?;Hiện tại ZeO có dòng sản phẩm nào vậy;Hiện tại ZeO có dòng sp nào vậy;Zeo có dòng sp nào;ZeO có những dòng sản phẩm nào;ZeO có những sp nào;Shop có dòng sp nào;hien tai zeo co dong sp nao vay;zeo co dong sp nao;zeo co nhung sp nao;shop co dong sp nao;Tôi muốn xem sản phẩm ZeO;Muốn xem các dòng sản phẩm;Cho mình xem danh mục sản phẩm;Tìm hiểu sản phẩm bên mình;Thông tin các nhóm sản phẩm ZeO;toi muon xem san pham zeo;muon xem cac dong san pham;tim hieu san pham ben minh,"Dạ ZeO Vietnam có 4 nhóm sản phẩm chăm sóc gia đình chính: 1. Giặt giũ (Bột giặt ZeO Enzyme Thụy Điển, Bột giặt Oplus ION, Bột giặt & Nước giặt PANO VEILEX); 2. Rửa chén (Nước rửa chén ZeO/ZIF 100% cốt chanh đậm đặc 2X, PANO Chanh, PANO Vitamin E dưỡng da, Oplus 200g–9kg); 3. Lau sàn (Nước lau sàn ZeO và Oplus đậm đặc gấp 2 lần, 5 hương thơm tự nhiên); 4. Tẩy rửa vệ sinh (Javen ZeO, Tẩy Toilet diệt khuẩn 99.9%, Tẩy màu, Lau kính & Xịt tẩy đa năng PANO). Bạn đang quan tâm nhóm sản phẩm nào để mình gửi thông tin chi tiết nha! 💙",100,zeo_brand_bible_docx_v1,2026-08-17 00:00:00,customer,direct,low,product|catalog_overview,,
True,ZeO,sales,zeo_promotions_and_deals,Có đang sale không?;Có khuyến mãi gì không?;Có voucher giảm giá không?;Ưu đãi hiện tại là gì?;Có mã giảm giá không?;Shop đang có chương trình gì hot không?;Sale Shopee có gì không?;Sản phẩm nào đang sale;Đang giảm giá món nào;co khuyen mai gi khong;co giam gia khong,Dạ các sản phẩm thuộc hệ ZeO | PANO | Oplus luôn có những chương trình khuyến mãi và quà tặng kèm hấp dẫn khi mua hàng. Bạn có thể cập nhật các chương trình ưu đãi mới nhất tại website chính thức https://zeo.vn/ hoặc nhắn tên sản phẩm bạn quan tâm để bên mình báo ưu đãi hiện hành nhé!,95,zeo_brand_bible_docx_v1,2026-08-17 00:00:00,customer,direct,low,sales|promotions|deals,,
True,ZeO,sales,zeo_price_inquiry_general,Giá bao nhiêu?;Cho xin bảng giá;Nước giặt giá bao nhiêu?;Nước rửa chén bao nhiêu tiền?;Bảng giá sản phẩm ZeO;Giá bán lẻ thế nào?;Nước lau sàn giá bao nhiêu;gia bao nhieu;xin bang gia;gia san pham zeo;gia bot giat,"Dạ các dòng sản phẩm ZeO, PANO và Oplus có phân khúc giá rất hợp lý và đa dạng quy cách (từ gói dùng thử 200g đến can 3.8kg - 9kg). Bạn nhắn giúp mình tên sản phẩm hoặc nhóm sản phẩm cụ thể để bên mình báo giá chính xác kèm ưu đãi tốt nhất nha!",95,zeo_brand_bible_docx_v1,2026-08-17 00:00:00,customer,direct,low,sales|price_inquiry,,
True,ZeO,shipping,shipping_time_and_fee,Phí ship bao nhiêu?;Giao hàng mấy ngày?;Bao lâu nhận được hàng?;Có freeship không?;Phí vận chuyển bao nhiêu tiền?;Ship về tỉnh mất bao lâu?;phi ship the nao;bao lau thi nhan duoc hang,"Dạ thời gian giao hàng thường từ 2–5 ngày làm việc tùy khu vực tỉnh thành. Phí ship được tính theo biểu phí của các đơn vị đối tác như GHTK, J&T. Lưu ý ZeO giao hàng toàn quốc nhưng hiện không áp dụng hình thức ship COD nha bạn.",90,zeo_auto_reply_docx_v1,2026-08-17 00:00:00,customer,direct,low,shipping|fee_time,,
True,ZeO/PANO/Oplus,product,zeo_laundry_product_overview,Về giặt giũ có sản phẩm nào không?;Nhóm giặt giũ có những sản phẩm nào?;Shop có sản phẩm giặt quần áo nào?;Có nước giặt hoặc bột giặt không?;Bên mình có đồ giặt giũ gì?;Sản phẩm giặt giũ gồm những loại nào?;giat giu co san pham nao ko;nhom giat giu co nhung gi;co nuoc giat bot giat khong;shop co do giat quan ao nao k;Tôi muốn xem về giặt giũ;Muốn xem nước giặt bột giặt;Cho mình xem dòng giặt giũ;Tìm hiểu sản phẩm giặt giũ;Tư vấn bột giặt nước giặt;toi muon xem ve giat giu;muon xem nuoc giat bot giat;tim hieu san pham giat giu,"Dạ nhóm giặt giũ hiện có: 1. Bột giặt ZeO (công nghệ Enzyme Thụy Điển + Diệt khuẩn Viện Pasteur); 2. Bột giặt Oplus (công nghệ ION hòa tan nhanh, 4 trong 1 dịu nhẹ tiết kiệm); 3. Bột giặt & Nước giặt PANO (công nghệ khử mùi VEILEX với các hương Đỏ, Xanh, Hồng, Cam, Tím). Bạn muốn mình tư vấn theo nhu cầu sạch sâu, thơm lâu hay dịu nhẹ tiết kiệm ạ?",95,zeo_brand_bible_docx_v1,2026-08-17 00:00:00,customer,direct,low,product|laundry_overview,,
True,ZeO/PANO/Oplus,product,zeo_dishwashing_product_overview,Về rửa chén có sản phẩm nào không?;Nhóm rửa chén gồm những gì?;Shop có nước rửa chén nào?;Có nước rửa bát không?;Nước rửa chén ZeO có những loại nào?;rua chen co san pham nao ko;nuoc rua chen co loai nao;co nuoc rua bat khong;Tôi muốn xem về nước rửa chén;Muốn xem nước rửa chén;Cho mình xem dòng nước rửa chén;Tìm hiểu nước rửa chén bên mình;Tư vấn nước rửa chén giúp mình;Thông tin về nước rửa chén;toi muon xem ve nuoc rua chen;muon xem nuoc rua chen;tim hieu nuoc rua chen;tu van nuoc rua chen,"Dạ nhóm rửa chén hiện có: 1. Nước rửa chén ZeO / ZIF (100% cốt chanh tự nhiên, đậm đặc gấp 2 lần, diệt khuẩn đường tiêu hóa); 2. PANO Rửa Chén Chanh (hương chanh tươi mát, dịu nhẹ da tay); 3. PANO Rửa Chén Vitamin E (bổ sung Vitamin E dưỡng ẩm, bảo vệ da tay); 4. Oplus Rửa Chén (dịu nhẹ, từ 200g đến can 9kg). Bạn đang tìm loại dùng hằng ngày, khử mùi tanh hay dịu tay dưỡng ẩm hơn ạ?",95,zeo_brand_bible_docx_v1,2026-08-17 00:00:00,customer,direct,low,product|dishwashing_overview,,
True,ZeO/PANO/Oplus,product,zeo_floor_cleaner_product_overview,Về lau sàn có sản phẩm nào không?;Shop có nước lau sàn không?;Nước lau sàn có những mùi nào?;Lau sàn ZeO có loại nào?;Có nước lau nhà không?;lau san co san pham nao ko;nuoc lau san co mui nao;co nuoc lau nha khong;nuoc lau san zeo;lau san oplus;Tôi muốn xem về nước lau sàn;Muốn xem nước lau nhà;Cho mình xem dòng lau sàn;Tìm hiểu nước lau sàn bên mình;Tư vấn nước lau sàn giúp mình;toi muon xem ve nuoc lau san;muon xem nuoc lau nha;tim hieu nuoc lau san,"Dạ nhóm lau sàn hiện có Nước lau sàn ZeO, Nước lau sàn PANO và Nước lau sàn Oplus với công thức đậm đặc gấp 2 lần giúp tiết kiệm hóa chất, không hại da chân. Sản phẩm có 5 hương thơm tự nhiên: Y Lang, Bạc Hà, Sả Chanh, Hoa Hạ và Baby (không dùng hương hóa học, không chất tạo màu). Bạn thích mùi hương nào hoặc muốn xem sản phẩm nào để mình tư vấn tiếp nha?",95,zeo_hotfix_floor_cleaner_v1,2026-08-24,customer,direct,low,product|floor_cleaner_overview,,
True,ZeO/PANO/Oplus,product,zeo_cleaning_hygiene_product_overview,Về tẩy rửa vệ sinh có sản phẩm nào?;Nhóm tẩy rửa vệ sinh gồm những gì?;Shop có javen tẩy toilet lau kính không?;Có sản phẩm tẩy nhà tắm không?;Có xịt tẩy đa năng không?;tay rua ve sinh co san pham nao;co javen tay toilet lau kinh khong;xit tay da nang co khong;Tôi muốn xem về tẩy rửa vệ sinh;Muốn xem sản phẩm tẩy rửa;Cho mình xem javen toilet lau kính;Tìm hiểu xịt tẩy đa năng;Tư vấn sản phẩm vệ sinh nhà tắm;toi muon xem ve tay rua ve sinh;muon xem san pham tay rua;tim hieu xit tay da nang,"Dạ nhóm tẩy rửa vệ sinh hiện có: 1. Nước tẩy Javen ZeO (đậm đặc hơn thông thường, tẩy trắng nhanh); 2. Tẩy Toilet ZeO (diệt khuẩn 99.9%, khử mùi, phá tan cặn vôi/ố vàng); 3. Tẩy Màu ZeO (phục hồi áo trắng); 4. Lau Kính ZeO (sạch nhanh, không để lại vệt); 5. Xịt Tẩy Đa Năng PANO (xịt là sạch bếp, lavabo, gạch, bồn tắm). Bạn đang cần xử lý khu vực hay vết bẩn nào ạ?",95,zeo_brand_bible_docx_v1,2026-08-17 00:00:00,customer,direct,low,product|cleaning_hygiene_overview,,
True,ZeO/PANO/Oplus,product,zeo_laundry_brand_differences,ZeO PANO Oplus giặt giũ khác nhau thế nào?;Nên chọn nước giặt ZeO PANO hay Oplus?;Bột giặt ZeO PANO Oplus khác gì nhau?;So sánh sản phẩm giặt giũ ZeO PANO Oplus;Loại giặt giũ nào phù hợp với nhà mình?;zeo pano oplus giat giu khac nhau sao;nen chon zeo pano hay oplus;bot giat nuoc giat loai nao phu hop,"Dạ sự khác biệt trong nhóm giặt giũ: ZeO là Bột giặt ứng dụng Enzyme Thụy Điển + Diệt khuẩn Viện Pasteur chứng nhận và hương nước hoa lưu giữ lâu; Oplus là Bột giặt công nghệ ION tẩy trắng tối ưu, hòa tan nhanh, 4 trong 1 (sạch sâu, thơm lâu, dịu nhẹ, tiết kiệm); PANO là Bột giặt & Nước giặt cảm xúc với công nghệ khử mùi VEILEX và 5 lựa chọn hương theo màu (Đỏ, Xanh, Hồng, Cam, Tím). Bạn ưu tiên làm sạch sâu, thơm lâu hay dịu nhẹ tiết kiệm để mình gợi ý cụ thể hơn ạ?",90,zeo_brand_bible_docx_v1,2026-08-17 00:00:00,customer,direct,low,product|laundry_comparison,,
True,ZeO/PANO/Oplus,product,zeo_product_group_clarification,Có sản phẩm nào không?;Bên mình có gì bán?;Shop có những nhóm nào?;Có những loại sản phẩm nào?;Tôi muốn xem nhóm sản phẩm;co san pham nao ko;ben minh co gi ban;shop co nhung nhom nao;co nhung loai nao;sp nào vậy shop;có sp nào không;bên mình có dòng sp nào;co sp nao khong;ben minh co dong sp nao,"Dạ ZeO Vietnam hiện có 4 nhóm sản phẩm chính: 1. Giặt giũ (Bột giặt ZeO/Oplus, Bột giặt & Nước giặt PANO); 2. Nước rửa chén (ZeO/ZIF, PANO Chanh, PANO Vitamin E, Oplus); 3. Nước lau sàn (ZeO, Oplus đậm đặc 2X); 4. Tẩy rửa vệ sinh (Javen, Tẩy Toilet, Tẩy màu, Lau kính & Xịt tẩy đa năng PANO). Bạn đang quan tâm nhóm nào để mình gửi thông tin phù hợp nha?",95,zeo_brand_bible_docx_v1,2026-08-17 00:00:00,customer,direct,low,product|groups_clarification,,
True,ZeO/PANO/Oplus,product,zeo_fabric_softener_unverified,Có nước xả vải không?;ZeO có nước xả vải không?;PANO có nước xả vải không?;Shop có bán nước xả không?;Có fabric softener không?;nuoc xa vai co khong;zeo co xa vai khong;pano co nuoc xa vai k,"Dạ hiện tại thương hiệu chưa có thông tin chính thức về dòng nước xả vải riêng. Các sản phẩm giặt giũ của ZeO, PANO và Oplus đều đã được tích hợp công nghệ lưu hương nước hoa cao cấp bền lâu. Admin ZeO sẽ kiểm tra thêm nếu bạn cần xác nhận sản phẩm này nha.",70,zeo_brand_bible_docx_v1,2026-08-17 00:00:00,customer,direct,low,product|fabric_softener_unverified,,
True,ZeO,sales,zeo_price_request_needs_product,Sản phẩm này giá bao nhiêu?;Loại đó giá sao?;Cái này bao nhiêu tiền?;Cho mình xin giá loại này;Giá của dòng giặt giũ sao?;san pham nay gia bao nhieu;loai do gia sao;cai nay bao nhieu tien;xin gia loai nay,"Dạ bạn nhắn giúp mình tên sản phẩm hoặc nhóm sản phẩm cụ thể như nước giặt/bột giặt, nước rửa chén, lau sàn hay tẩy rửa vệ sinh để mình kiểm tra đúng giá. Nếu cần báo giá sỉ hoặc mua số lượng lớn, bạn gửi thêm số điện thoại và khu vực để nhân viên kinh doanh liên hệ nha.",90,zeo_runtime_regression_v1,2026-08-17 00:00:00,customer,direct,low,sales|price_needs_product,,
True,ZeO,faq,company_website,Xin link web với ạ;Có link website không?;Có link website ko;Cho mình xin website ZeO;Website chính thức của ZeO là gì?;Link web ZeO là gì?;Gửi mình trang web công ty;Trang web ZeO ở đâu?;zeo.vn có đúng không;xin link web voi a;co link website ko;cho minh xin website zeo;link web zeo la gi;gui minh trang web cong ty;trang web zeo o dau;zeo vn co dung khong,Dạ website chính thức của ZeO Vietnam là https://zeo.vn/ nha bạn.,95,zeo_brand_bible_docx_v1,2026-08-17 00:00:00,customer,direct,low,faq|website,,
True,ZeO,policy,corporate_invoice_support,Công ty có xuất hóa đơn đỏ VAT không?;Có xuất hóa đơn đỏ không?;Mua hàng có xuất VAT không?;Xuat hoa don do;Xuat hoa don vat;Hoa don tai chinh;Xuat hoa don cho cong ty;co xuat hoa don vat khong;co xuat hoa don do khong;hoa don do;hoa don vat,"Dạ ZeO Vietnam hỗ trợ xuất đầy đủ hóa đơn GTGT (VAT) điện tử hợp lệ cho doanh nghiệp, hộ kinh doanh hoặc khách hàng có nhu cầu khi mua hàng chính hãng. Bạn vui lòng cung cấp thông tin xuất hóa đơn (Tên công ty, Mã số thuế, Địa chỉ, Email nhận hóa đơn) khi đặt hàng để bộ phận kế toán xử lý nhé ạ! 💙",90,zeo_customer_policy_docx_v1,2026-08-18 00:00:00,customer,direct,low,policy|invoice|vat,,
,,,,,,,,,,,,,,
,,,,,,,,,,,,,,
,,,,,,,,,,,,,,
,,,,,,,,,,,,,,
,,,, ,,,,,,,,,,
True,PANO,product,pano_floor_cleaner_product_info,Nước lau sàn Pano có không?;PANO có nước lau sàn không?;Có nước lau sàn Pano ko;pano lau san;nuoc lau san pano;Lau sàn PANO hương gì?;Cho xin link nước lau sàn PANO;Mua nước lau sàn PANO ở đâu?,"Dạ PANO có Nước lau sàn Pano hương Hoa Hạ đang bán trên Shopee nha bạn! Giá tham khảo khoảng 29.450đ/chai 1kg. Sản phẩm có công thức đậm đặc, thơm lâu, an toàn cho da chân. Bạn muốn mình gửi link Shopee không ạ?",99,zeo_hotfix_floor_cleaner_v1,2026-08-24,customer,direct,low,faq|product|floor_cleaner|shopee_link,,
