active,item_id,name,brand,category,price,original_price,discount,badge,specs,keywords,variants,link_shopee,in_stock,updated_at
True,48812712426,Nước rửa chén Vitamin E Pano Hương chanh Sạch dầu mỡ khử mùi tanh dịu da tay Nhiều dung tích,PANO,Nước rửa chén,12350,13140,0.06,BEST_SELLER_TOP_1,Nước rửa chén Vitamin E Pano Hương chanh Sạch dầu mỡ khử mùi tanh dịu da tay Nhiều dung tích,ban chay; best seller; nước rửa chén; pano; vitamin e,PANO,https://shopee.vn/Nước-rửa-chén-Vitamin-E-Pano-Hương-chanh-Sạch-dầu-mỡ-khử-mùi-tanh-dịu-da-tay-Nhiều-dung-tích-i.20523065.48812712426,True,2026-08-18 00:00:00
True,52063408473,[GIÁ RẺ] Bột giặt Pano Hương cam chanh oải hương Sạch quần áo ít cặn lưu hương lâu Túi 300g 2.4kg 5.5kg,PANO,Bột giặt,46350,51500,0.1,BEST_SELLER_TOP_2,[GIÁ RẺ] Bột giặt Pano Hương cam chanh oải hương Sạch quần áo ít cặn lưu hương lâu Túi 300g 2.4kg 5.5kg,ban chay; best seller; bột giặt; cam chanh; pano,PANO,https://shopee.vn/-GIÁ-RẺ-Bột-giặt-Pano-Hương-cam-chanh-oải-hương-Sạch-quần-áo-ít-cặn-lưu-hương-lâu-Túi-300g-2.4kg-5.5kg-i.20523065.52063408473,True,2026-08-18 00:00:00
True,40332260600,Bột giặt ZeO Nha Đam lưu hương kép 400g 720g hương nha đam the mát giặt tay giặt máy dịu nhẹ sạch vết bẩn,ZeO,Bột giặt,17550,27000,0.35,BEST_SELLER_TOP_3,Bột giặt ZeO Nha Đam lưu hương kép 400g 720g hương nha đam the mát giặt tay giặt máy dịu nhẹ sạch vết bẩn,ban chay; best seller; bột giặt; zeo,ZeO,https://shopee.vn/Bột-giặt-ZeO-Nha-Đam-lưu-hương-kép-400g-720g-hương-nha-đam-the-mát-giặt-tay-giặt-máy-dịu-nhẹ-sạch-vết-bẩn-i.20523065.40332260600,True,2026-08-18 00:00:00
True,22487353728,Nước giặt Pano Hương táo dứa hoa nhài đào Làm sạch khử mùi lưu hương lâu Túi 3.5kg,PANO,Nước giặt,95058,202251,0.53,BEST_SELLER_TOP_4,Nước giặt Pano Hương táo dứa hoa nhài đào Làm sạch khử mùi lưu hương lâu Túi 3.5kg,ban chay; best seller; nước giặt; pano,PANO,https://shopee.vn/Nước-giặt-Pano-Hương-táo-dứa-hoa-nhài-đào-Làm-sạch-khử-mùi-lưu-hương-lâu-Túi-3.5kg-i.20523065.22487353728,True,2026-08-18 00:00:00
True,24182154808,Nước tẩy toilet đậm đặc ZeO Hương trái cây Tẩy cặn vôi ố vàng khử mùi hôi Chai 650ml,ZeO,Tẩy Toilet,23000,46000,0.5,BEST_SELLER_TOP_5,Nước tẩy toilet đậm đặc ZeO Hương trái cây Tẩy cặn vôi ố vàng khử mùi hôi Chai 650ml,ban chay; best seller; tẩy toilet; zeo,ZeO,https://shopee.vn/Nước-tẩy-toilet-đậm-đặc-ZeO-Hương-trái-cây-Tẩy-cặn-vôi-ố-vàng-khử-mùi-hôi-Chai-650ml-i.20523065.24182154808,True,2026-08-18 00:00:00
True,21036221733,Nước tẩy quần áo trắng ZeO Javel chai 500ml 1000ml không hương liệu tẩy trắng mạnh diệt khuẩn quần áo bề mặt,ZeO,Nước tẩy trắng Javen,10400,16000,0.35,BEST_SELLER_TOP_6,Nước tẩy quần áo trắng ZeO Javel chai 500ml 1000ml không hương liệu tẩy trắng mạnh diệt khuẩn quần áo bề mặt,ban chay; best seller; javel; nước tẩy trắng javen; zeo,ZeO,https://shopee.vn/Nước-tẩy-quần-áo-trắng-ZeO-Javel-chai-500ml-1000ml-không-hương-liệu-tẩy-trắng-mạnh-diệt-khuẩn-quần-áo-bề-mặt-i.20523065.21036221733,True,2026-08-18 00:00:00
True,49463437973,Nước rửa chén Pano Hương chanh tự nhiên Sạch dầu mỡ khử mùi tanh dịu da tay 400g 800g 1.5kg,PANO,Nước rửa chén,13000,22800,0.43,BEST_SELLER_TOP_7,Nước rửa chén Pano Hương chanh tự nhiên Sạch dầu mỡ khử mùi tanh dịu da tay 400g 800g 1.5kg,ban chay; best seller; nước rửa chén; pano,PANO,https://shopee.vn/Nước-rửa-chén-Pano-Hương-chanh-tự-nhiên-Sạch-dầu-mỡ-khử-mùi-tanh-dịu-da-tay-400g-800g-1.5kg-i.20523065.49463437973,True,2026-08-18 00:00:00
True,42401783886,[COMBO] 10 gói Nước xả vải Nano Clean ZeO Hương hoa trắng xạ hương Mềm vải giảm nhăn 10 gói x 20g,ZeO,Nước xả vải,17100,18000,0.05,BEST_SELLER_TOP_8,[COMBO] 10 gói Nước xả vải Nano Clean ZeO Hương hoa trắng xạ hương Mềm vải giảm nhăn 10 gói x 20g,ban chay; best seller; nano clean; nước xả vải; zeo,ZeO,https://shopee.vn/-COMBO-10-gói-Nước-xả-vải-Nano-Clean-ZeO-Hương-hoa-trắng-xạ-hương-Mềm-vải-giảm-nhăn-10-gói-x-20g-i.20523065.42401783886,True,2026-08-18 00:00:00
True,17978063713,Nước giặt 2in1 Oplus Hương nước hoa Pháp Sạch quần áo mềm vải lưu hương cả ngày Can 1kg 3.5kg,Oplus,Nước giặt,62100,69000,0.1,BEST_SELLER_TOP_9,Nước giặt 2in1 Oplus Hương nước hoa Pháp Sạch quần áo mềm vải lưu hương cả ngày Can 1kg 3.5kg,2in1; ban chay; best seller; nước giặt; oplus,Oplus,https://shopee.vn/Nước-giặt-2in1-Oplus-Hương-nước-hoa-Pháp-Sạch-quần-áo-mềm-vải-lưu-hương-cả-ngày-Can-1kg-3.5kg-i.20523065.17978063713,True,2026-08-18 00:00:00
True,19119327902,[SIÊU TIẾT KIỆM] Nước lau sàn Pano Hương Hoa Hạ phấn em bé Sạch sàn khử mùi thơm lâu Chai Can 1kg 3.8kg,PANO,Nước lau sàn,29450,52500,0.44,BEST_SELLER_TOP_10,[SIÊU TIẾT KIỆM] Nước lau sàn Pano Hương Hoa Hạ phấn em bé Sạch sàn khử mùi thơm lâu Chai Can 1kg 3.8kg,ban chay; best seller; nước lau sàn; pano,PANO,https://shopee.vn/-SIÊU-TIẾT-KIỆM-Nước-lau-sàn-Pano-Hương-Hoa-Hạ-phấn-em-bé-Sạch-sàn-khử-mùi-thơm-lâu-Chai-Can-1kg-3.8kg-i.20523065.19119327902,True,2026-08-18 00:00:00
True,49011246861,[COMBO] 2 túi Nước giặt xả 2in1 Oplus Hương nước hoa Pháp Sạch sâu mềm vải thơm lâu 2 túi tổng 3.6kg,Oplus,Nước giặt,133479,290171,0.54,NEW_ARRIVAL_TOP_1,[COMBO] 2 túi Nước giặt xả 2in1 Oplus Hương nước hoa Pháp Sạch sâu mềm vải thơm lâu 2 túi tổng 3.6kg,2in1; moi nhat; moi ra; nước giặt; oplus,Oplus,https://shopee.vn/-COMBO-2-túi-Nước-giặt-xả-2in1-Oplus-Hương-nước-hoa-Pháp-Sạch-sâu-mềm-vải-thơm-lâu-2-túi-tổng-3.6kg-i.20523065.49011246861,True,2026-08-18 00:00:00
True,44862653278,Bột giặt Oplus túi 720g 5.5kg hương hoa trắng xạ hương giặt tay giặt máy sạch vết bẩn làm mới quần áo sỉn màu,Oplus,Bột giặt,66000,110000,0.4,NEW_ARRIVAL_TOP_4,Bột giặt Oplus túi 720g 5.5kg hương hoa trắng xạ hương giặt tay giặt máy sạch vết bẩn làm mới quần áo sỉn màu,bột giặt; moi nhat; moi ra; oplus,Oplus,https://shopee.vn/Bột-giặt-Oplus-túi-720g-5.5kg-hương-hoa-trắng-xạ-hương-giặt-tay-giặt-máy-sạch-vết-bẩn-làm-mới-quần-áo-sỉn-màu-i.20523065.44862653278,True,2026-08-18 00:00:00
True,40701777345,[MUA 1 TẶNG 1] Nước hoa treo xe ô tô Pano Hương nước hoa Pháp Khử mùi tỏa hương thư giãn [COMBO] 2 chai,PANO,Tẩy rửa & Giặt giũ,36000,60000,0.4,NEW_ARRIVAL_TOP_5,[MUA 1 TẶNG 1] Nước hoa treo xe ô tô Pano Hương nước hoa Pháp Khử mùi tỏa hương thư giãn [COMBO] 2 chai,moi nhat; moi ra; pano; treo xe; tẩy rửa & giặt giũ,PANO,https://shopee.vn/-MUA-1-TẶNG-1-Nước-hoa-treo-xe-ô-tô-Pano-Hương-nước-hoa-Pháp-Khử-mùi-tỏa-hương-thư-giãn-COMBO-2-chai-i.20523065.40701777345,True,2026-08-18 00:00:00
True,52863457457,Nước lau kính ZeO Hương trà xanh Sáng bóng khô nhanh không để lại vệt Chai 570ml,ZeO,Nước lau kính,30100,43000,0.3,NEW_ARRIVAL_TOP_6,Nước lau kính ZeO Hương trà xanh Sáng bóng khô nhanh không để lại vệt Chai 570ml,moi nhat; moi ra; nước lau kính; zeo,ZeO,https://shopee.vn/Nước-lau-kính-ZeO-Hương-trà-xanh-Sáng-bóng-khô-nhanh-không-để-lại-vệt-Chai-570ml-i.20523065.52863457457,True,2026-08-18 00:00:00
True,57513424600,[CAN TO TIẾT KIỆM] Nước giặt Pano Hương nước hoa Pháp Sạch sâu khử mùi lưu hương lâu Can 3.8kg,PANO,Nước giặt,123291,205485,0.4,NEW_ARRIVAL_TOP_7,[CAN TO TIẾT KIỆM] Nước giặt Pano Hương nước hoa Pháp Sạch sâu khử mùi lưu hương lâu Can 3.8kg,can 3.8kg; moi nhat; moi ra; nước giặt; pano,PANO,https://shopee.vn/-CAN-TO-TIẾT-KIỆM-Nước-giặt-Pano-Hương-nước-hoa-Pháp-Sạch-sâu-khử-mùi-lưu-hương-lâu-Can-3.8kg-i.20523065.57513424600,True,2026-08-18 00:00:00
True,52213417021,[GÓI TIẾT KIỆM] Bột giặt Nha Đam ZeO Hương Fresh Floral Green Dịu nhẹ sạch vết bẩn lưu hương kép Túi 2.7kg 4.1kg,ZeO,Bột giặt,114855,185250,0.38,NEW_ARRIVAL_TOP_9,[GÓI TIẾT KIỆM] Bột giặt Nha Đam ZeO Hương Fresh Floral Green Dịu nhẹ sạch vết bẩn lưu hương kép Túi 2.7kg 4.1kg,bột giặt; fresh; moi nhat; moi ra; zeo,ZeO,https://shopee.vn/-GÓI-TIẾT-KIỆM-Bột-giặt-Nha-Đam-ZeO-Hương-Fresh-Floral-Green-Dịu-nhẹ-sạch-vết-bẩn-lưu-hương-kép-Túi-2.7kg-4.1kg-i.20523065.52213417021,True,2026-08-18 00:00:00
True,49063164373,[GIẶT NHANH] Nước giặt Bio Enzyme ZeO Hương tươi mát Đánh bay vết bẩn protein lưu hương Can 2kg 9kg,ZeO,Nước giặt,104357,168317,0.38,NEW_ARRIVAL,[GIẶT NHANH] Nước giặt Bio Enzyme ZeO Hương tươi mát Đánh bay vết bẩn protein lưu hương Can 2kg 9kg,bio enzyme; moi nhat; moi ra; nước giặt; zeo,ZeO,https://shopee.vn/-GIẶT-NHANH-Nước-giặt-Bio-Enzyme-ZeO-Hương-tươi-mát-Đánh-bay-vết-bẩn-protein-lưu-hương-Can-2kg-9kg-i.20523065.49063164373,True,2026-08-18 00:00:00
True,44512305208,[MỚI] Nước lau sàn Oplus Hương sả chanh Khử mùi sạch bóng sàn gỗ gạch men Can 1kg 3.6kg,Oplus,Nước lau sàn,34450,53000,0.35,NEW_ARRIVAL,[MỚI] Nước lau sàn Oplus Hương sả chanh Khử mùi sạch bóng sàn gỗ gạch men Can 1kg 3.6kg,moi nhat; moi ra; nước lau sàn; oplus,Oplus,https://shopee.vn/-MỚI-Nước-lau-sàn-Oplus-Hương-sả-chanh-Khử-mùi-sạch-bóng-sàn-gỗ-gạch-men-Can-1kg-3.6kg-i.20523065.44512305208,True,2026-08-18 00:00:00
True,42923415834,Nước giặt Pano Active combo 2 túi 1.8kg tặng nước rửa chén 200g hương nước hoa Pháp giặt tay giặt máy sạch sâu,PANO,Nước giặt,147582,238035,0.38,NEW_ARRIVAL,Nước giặt Pano Active combo 2 túi 1.8kg tặng nước rửa chén 200g hương nước hoa Pháp giặt tay giặt máy sạch sâu,1.8kg; active; moi nhat; moi ra; nước giặt; pano,PANO,https://shopee.vn/Nước-giặt-Pano-Active-combo-2-túi-1.8kg-tặng-nước-rửa-chén-200g-hương-nước-hoa-Pháp-giặt-tay-giặt-máy-sạch-sâu-i.20523065.42923415834,True,2026-08-18 00:00:00
True,44123415679,Nước giặt Pano Fresh combo 2 gói 1 8kg tặng 1 nước rửa chén 200g hương hoa trắng giặt tay giặt máy sạch sâu vết bẩn,PANO,Nước giặt,115795,241239,0.52,NEW_ARRIVAL,Nước giặt Pano Fresh combo 2 gói 1 8kg tặng 1 nước rửa chén 200g hương hoa trắng giặt tay giặt máy sạch sâu vết bẩn,fresh; moi nhat; moi ra; nước giặt; pano,PANO,https://shopee.vn/Nước-giặt-Pano-Fresh-combo-2-gói-1-8kg-tặng-1-nước-rửa-chén-200g-hương-hoa-trắng-giặt-tay-giặt-máy-sạch-sâu-vết-bẩn-i.20523065.44123415679,True,2026-08-18 00:00:00
True,27492729899,Combo 2 túi Nước giặt Pano Warmish 1.8kg hương táo dứa hoa nhài sạch sâu vết bẩn tặng nước rửa chén 400g,PANO,Nước giặt,147582,238035,0.38,NEW_ARRIVAL,Combo 2 túi Nước giặt Pano Warmish 1.8kg hương táo dứa hoa nhài sạch sâu vết bẩn tặng nước rửa chén 400g,1.8kg; moi nhat; moi ra; nước giặt; pano; warmish,PANO,https://shopee.vn/Combo-2-túi-Nước-giặt-Pano-Warmish-1.8kg-hương-táo-dứa-hoa-nhài-sạch-sâu-vết-bẩn-tặng-nước-rửa-chén-400g-i.20523065.27492729899,True,2026-08-18 00:00:00
True,40473414417,Nước giặt Pano Elegant 2 túi 1.8kg tặng nước rửa chén 200g hương nước hoa Pháp giặt tay giặt máy sạch sâu thơm lâu,PANO,Nước giặt,147582,238035,0.38,NEW_ARRIVAL,Nước giặt Pano Elegant 2 túi 1.8kg tặng nước rửa chén 200g hương nước hoa Pháp giặt tay giặt máy sạch sâu thơm lâu,1.8kg; elegant; moi nhat; moi ra; nước giặt; pano,PANO,https://shopee.vn/Nước-giặt-Pano-Elegant-2-túi-1.8kg-tặng-nước-rửa-chén-200g-hương-nước-hoa-Pháp-giặt-tay-giặt-máy-sạch-sâu-thơm-lâu-i.20523065.40473414417,True,2026-08-18 00:00:00
True,56612838999,Nước xả vải Nano Clean ZeO Hương hoa trắng xạ hương Mềm vải giảm nhăn thơm lâu Can 1kg 3.8kg,ZeO,Nước xả vải,83200,128000,0.35,STANDARD,Nước xả vải Nano Clean ZeO Hương hoa trắng xạ hương Mềm vải giảm nhăn thơm lâu Can 1kg 3.8kg,nano clean; nước xả vải; zeo,ZeO,https://shopee.vn/Nước-xả-vải-Nano-Clean-ZeO-Hương-hoa-trắng-xạ-hương-Mềm-vải-giảm-nhăn-thơm-lâu-Can-1kg-3.8kg-i.20523065.56612838999,True,2026-08-18 00:00:00
True,20119331885,Nước lau sàn ZeO Hương Ylang Ylang bạc hà Sạch bóng sàn khử mùi Can 1kg 3.8kg,ZeO,Nước lau sàn,33150,44200,0.25,STANDARD,Nước lau sàn ZeO Hương Ylang Ylang bạc hà Sạch bóng sàn khử mùi Can 1kg 3.8kg,nước lau sàn; zeo,ZeO,https://shopee.vn/Nước-lau-sàn-ZeO-Hương-Ylang-Ylang-bạc-hà-Sạch-bóng-sàn-khử-mùi-Can-1kg-3.8kg-i.20523065.20119331885,True,2026-08-18 00:00:00
True,17179798845,Chai xịt tẩy rửa đa năng Pano Hương trà xanh Đánh bay dầu mỡ vết bẩn đa bề mặt Chai 500ml,PANO,Tẩy rửa đa năng,46620,74000,0.37,STANDARD,Chai xịt tẩy rửa đa năng Pano Hương trà xanh Đánh bay dầu mỡ vết bẩn đa bề mặt Chai 500ml,pano; tẩy rửa đa năng,PANO,https://shopee.vn/Chai-xịt-tẩy-rửa-đa-năng-Pano-Hương-trà-xanh-Đánh-bay-dầu-mỡ-vết-bẩn-đa-bề-mặt-Chai-500ml-i.20523065.17179798845,True,2026-08-18 00:00:00
True,18919306037,Nước rửa chén Enzyme ZeO Hương chanh tự nhiên Sạch dầu mỡ khử mùi tanh dịu da tay Can 400g 800g 1.5kg,ZeO,Nước rửa chén,16900,26000,0.35,STANDARD,Nước rửa chén Enzyme ZeO Hương chanh tự nhiên Sạch dầu mỡ khử mùi tanh dịu da tay Can 400g 800g 1.5kg,nước rửa chén; zeo,ZeO,https://shopee.vn/Nước-rửa-chén-Enzyme-ZeO-Hương-chanh-tự-nhiên-Sạch-dầu-mỡ-khử-mùi-tanh-dịu-da-tay-Can-400g-800g-1.5kg-i.20523065.18919306037,True,2026-08-18 00:00:00
True,19325680023,Nước giặt 2in1 Oplus Hương nước hoa Pháp Sạch vết bẩn mềm vải lưu hương kép Túi 2.4kg,Oplus,Nước giặt,91257,172183,0.47,STANDARD,Nước giặt 2in1 Oplus Hương nước hoa Pháp Sạch vết bẩn mềm vải lưu hương kép Túi 2.4kg,2in1; nước giặt; oplus,Oplus,https://shopee.vn/Nước-giặt-2in1-Oplus-Hương-nước-hoa-Pháp-Sạch-vết-bẩn-mềm-vải-lưu-hương-kép-Túi-2.4kg-i.20523065.19325680023,True,2026-08-18 00:00:00
True,19419299602,Nước giặt Pano Hương nước hoa Pháp Sạch vết bẩn khử mùi lưu hương lâu Can 3.6kg,PANO,Nước giặt,131100,234107,0.44,STANDARD,Nước giặt Pano Hương nước hoa Pháp Sạch vết bẩn khử mùi lưu hương lâu Can 3.6kg,can 3.6kg; nước giặt; pano,PANO,https://shopee.vn/Nước-giặt-Pano-Hương-nước-hoa-Pháp-Sạch-vết-bẩn-khử-mùi-lưu-hương-lâu-Can-3.6kg-i.20523065.19419299602,True,2026-08-18 00:00:00
True,55813079469,Bột giặt ZeO Bọt Biển Hương táo dứa hoa nhài Sạch vết bẩn lưu hương kép Túi 720g 2.7kg,ZeO,Bột giặt,35100,54000,0.35,STANDARD,Bột giặt ZeO Bọt Biển Hương táo dứa hoa nhài Sạch vết bẩn lưu hương kép Túi 720g 2.7kg,bột giặt; zeo,ZeO,https://shopee.vn/Bột-giặt-ZeO-Bọt-Biển-Hương-táo-dứa-hoa-nhài-Sạch-vết-bẩn-lưu-hương-kép-Túi-720g-2.7kg-i.20523065.55813079469,True,2026-08-18 00:00:00
True,43251767103,Nước rửa chén Oplus Hương chanh tự nhiên Sạch dầu mỡ khử mùi tanh dịu da tay Bao bì nhiều lựa chọn,Oplus,Nước rửa chén,14300,22000,0.35,STANDARD,Nước rửa chén Oplus Hương chanh tự nhiên Sạch dầu mỡ khử mùi tanh dịu da tay Bao bì nhiều lựa chọn,nước rửa chén; oplus,Oplus,https://shopee.vn/Nước-rửa-chén-Oplus-Hương-chanh-tự-nhiên-Sạch-dầu-mỡ-khử-mùi-tanh-dịu-da-tay-Bao-bì-nhiều-lựa-chọn-i.20523065.43251767103,True,2026-08-18 00:00:00
True,44472616843,Combo 2 nước giặt Pano 1.8kg hương nước hoa Pháp giặt tay giặt máy sạch sâu vết bẩn an toàn da tay,PANO,Nước giặt,122550,129000,0.05,STANDARD,Combo 2 nước giặt Pano 1.8kg hương nước hoa Pháp giặt tay giặt máy sạch sâu vết bẩn an toàn da tay,1.8kg; nước giặt; pano,PANO,https://shopee.vn/Combo-2-nước-giặt-Pano-1.8kg-hương-nước-hoa-Pháp-giặt-tay-giặt-máy-sạch-sâu-vết-bẩn-an-toàn-da-tay-i.20523065.44472616843,True,2026-08-18 00:00:00
True,24281041930,[TẶNG KÈM] 3 gói nước xả vải Bột giặt Oplus Hương hoa trắng xạ hương Tiết kiệm nước sạch vết bẩn ít cặn Túi 2kg,Oplus,Tẩy rửa & Giặt giũ,72150,111000,0.35,STANDARD,[TẶNG KÈM] 3 gói nước xả vải Bột giặt Oplus Hương hoa trắng xạ hương Tiết kiệm nước sạch vết bẩn ít cặn Túi 2kg,oplus; tẩy rửa & giặt giũ,Oplus,https://shopee.vn/-TẶNG-KÈM-3-gói-nước-xả-vải-Bột-giặt-Oplus-Hương-hoa-trắng-xạ-hương-Tiết-kiệm-nước-sạch-vết-bẩn-ít-cặn-Túi-2kg-i.20523065.24281041930,True,2026-08-18 00:00:00
True,20819334417,Nước giặt 2in1 Oplus Hương nước hoa Pháp Sạch sâu mềm vải không cần nước xả Can 1kg,Oplus,Nước giặt,60720,69000,0.12,STANDARD,Nước giặt 2in1 Oplus Hương nước hoa Pháp Sạch sâu mềm vải không cần nước xả Can 1kg,2in1; nước giặt; oplus,Oplus,https://shopee.vn/Nước-giặt-2in1-Oplus-Hương-nước-hoa-Pháp-Sạch-sâu-mềm-vải-không-cần-nước-xả-Can-1kg-i.20523065.20819334417,True,2026-08-18 00:00:00
True,55861226781,Nước giặt xả 2in1 Oplus Hương nước hoa Pháp Sạch sâu mềm vải không cần nước xả Túi 1.8kg,Oplus,Nước giặt,77727,119580,0.35,STANDARD,Nước giặt xả 2in1 Oplus Hương nước hoa Pháp Sạch sâu mềm vải không cần nước xả Túi 1.8kg,1.8kg; 2in1; nước giặt; oplus,Oplus,https://shopee.vn/Nước-giặt-xả-2in1-Oplus-Hương-nước-hoa-Pháp-Sạch-sâu-mềm-vải-không-cần-nước-xả-Túi-1.8kg-i.20523065.55861226781,True,2026-08-18 00:00:00
True,54212683981,Nước rửa chén Pano can 3.8kg hương chanh tự nhiên cho nhà hàng quán ăn sạch dầu mỡ khử mùi tanh da tay,PANO,Nước rửa chén,76050,117000,0.35,STANDARD,Nước rửa chén Pano can 3.8kg hương chanh tự nhiên cho nhà hàng quán ăn sạch dầu mỡ khử mùi tanh da tay,can 3.8kg; nước rửa chén; pano,PANO,https://shopee.vn/Nước-rửa-chén-Pano-can-3.8kg-hương-chanh-tự-nhiên-cho-nhà-hàng-quán-ăn-sạch-dầu-mỡ-khử-mùi-tanh-da-tay-i.20523065.54212683981,True,2026-08-18 00:00:00
True,21319337822,Bột giặt Nước hoa ZeO Hương hoa trắng xạ hương Sạch vết bẩn cứng đầu lưu hương kép Gói 720g 750g,ZeO,Bột giặt,36400,45500,0.2,STANDARD,Bột giặt Nước hoa ZeO Hương hoa trắng xạ hương Sạch vết bẩn cứng đầu lưu hương kép Gói 720g 750g,bột giặt; zeo,ZeO,https://shopee.vn/Bột-giặt-Nước-hoa-ZeO-Hương-hoa-trắng-xạ-hương-Sạch-vết-bẩn-cứng-đầu-lưu-hương-kép-Gói-720g-750g-i.20523065.21319337822,True,2026-08-18 00:00:00
True,28006686405,[SẠCH SÂU - TIẾT KIỆM] Nước giặt xả 2in1 Oplus Hương nước hoa Pháp Mềm vải lưu hương lâu Can 3.1kg 3.5kg,Oplus,Nước giặt,129390,227000,0.43,STANDARD,[SẠCH SÂU - TIẾT KIỆM] Nước giặt xả 2in1 Oplus Hương nước hoa Pháp Mềm vải lưu hương lâu Can 3.1kg 3.5kg,2in1; nước giặt; oplus,Oplus,https://shopee.vn/-SẠCH-SÂU-TIẾT-KIỆM-Nước-giặt-xả-2in1-Oplus-Hương-nước-hoa-Pháp-Mềm-vải-lưu-hương-lâu-Can-3.1kg-3.5kg-i.20523065.28006686405,True,2026-08-18 00:00:00
True,40823425194,Nước giặt Pano combo 2 gói 1 8kg tặng nước rửa chén 400g hương hoa tươi mát giặt tay giặt máy sạch sâu vết bẩn,PANO,Nước giặt,120640,251333,0.52,STANDARD,Nước giặt Pano combo 2 gói 1 8kg tặng nước rửa chén 400g hương hoa tươi mát giặt tay giặt máy sạch sâu vết bẩn,nước giặt; pano,PANO,https://shopee.vn/Nước-giặt-Pano-combo-2-gói-1-8kg-tặng-nước-rửa-chén-400g-hương-hoa-tươi-mát-giặt-tay-giặt-máy-sạch-sâu-vết-bẩn-i.20523065.40823425194,True,2026-08-18 00:00:00
True,14789198137,Nước giặt ZeO Matic 3in1 2.2kg hương táo xạ hương gỗ cho máy giặt cửa trước cửa trên sạch khuẩn khử mùi,ZeO,Nước giặt,89000,175000,0.49,STANDARD,Nước giặt ZeO Matic 3in1 2.2kg hương táo xạ hương gỗ cho máy giặt cửa trước cửa trên sạch khuẩn khử mùi,nước giặt; zeo,ZeO,https://shopee.vn/Nước-giặt-ZeO-Matic-3in1-2.2kg-hương-táo-xạ-hương-gỗ-cho-máy-giặt-cửa-trước-cửa-trên-sạch-khuẩn-khử-mùi-i.20523065.14789198137,True,2026-08-18 00:00:00
True,53011222501,[COMBO] 4 túi Nước giặt xả 2in1 Oplus Hương nước hoa Pháp Sạch sâu mềm vải thơm lâu 4 túi tổng 7.2kg,Oplus,Nước giặt,257592,585436,0.56,STANDARD,[COMBO] 4 túi Nước giặt xả 2in1 Oplus Hương nước hoa Pháp Sạch sâu mềm vải thơm lâu 4 túi tổng 7.2kg,2in1; nước giặt; oplus,Oplus,https://shopee.vn/-COMBO-4-túi-Nước-giặt-xả-2in1-Oplus-Hương-nước-hoa-Pháp-Sạch-sâu-mềm-vải-thơm-lâu-4-túi-tổng-7.2kg-i.20523065.53011222501,True,2026-08-18 00:00:00
True,42723420756,Nước giặt Pano Elegant túi 1.8kg combo mua 1 được 3 hương nước hoa Pháp cổ điển giặt tay giặt máy sạch sâu vết bẩn,PANO,Nước giặt,130693,251332,0.48,STANDARD,Nước giặt Pano Elegant túi 1.8kg combo mua 1 được 3 hương nước hoa Pháp cổ điển giặt tay giặt máy sạch sâu vết bẩn,1.8kg; elegant; nước giặt; pano,PANO,https://shopee.vn/Nước-giặt-Pano-Elegant-túi-1.8kg-combo-mua-1-được-3-hương-nước-hoa-Pháp-cổ-điển-giặt-tay-giặt-máy-sạch-sâu-vết-bẩn-i.20523065.42723420756,True,2026-08-18 00:00:00
True,40373426171,Nước giặt Pano Active combo 2 túi 1.8kg tặng nước rửa chén 400g hương nước hoa Pháp sang trọng sạch sâu vết bẩn,PANO,Nước giặt,120640,251333,0.52,STANDARD,Nước giặt Pano Active combo 2 túi 1.8kg tặng nước rửa chén 400g hương nước hoa Pháp sang trọng sạch sâu vết bẩn,1.8kg; active; nước giặt; pano,PANO,https://shopee.vn/Nước-giặt-Pano-Active-combo-2-túi-1.8kg-tặng-nước-rửa-chén-400g-hương-nước-hoa-Pháp-sang-trọng-sạch-sâu-vết-bẩn-i.20523065.40373426171,True,2026-08-18 00:00:00
True,26442724780,Combo 2 túi Nước giặt Pano Warmish 1.8kg hương táo dứa hoa nhài sạch sâu vết bẩn tặng nước rửa chén 200g,PANO,Nước giặt,130693,242024,0.46,STANDARD,Combo 2 túi Nước giặt Pano Warmish 1.8kg hương táo dứa hoa nhài sạch sâu vết bẩn tặng nước rửa chén 200g,1.8kg; nước giặt; pano; warmish,PANO,https://shopee.vn/Combo-2-túi-Nước-giặt-Pano-Warmish-1.8kg-hương-táo-dứa-hoa-nhài-sạch-sâu-vết-bẩn-tặng-nước-rửa-chén-200g-i.20523065.26442724780,True,2026-08-18 00:00:00
True,43672853910,Combo 4 nước giặt Pano 1.8kg hương nước hoa Pháp giặt tay giặt máy sạch sâu vết bẩn an toàn cho da tay,PANO,Nước giặt,239343,460275,0.48,STANDARD,Combo 4 nước giặt Pano 1.8kg hương nước hoa Pháp giặt tay giặt máy sạch sâu vết bẩn an toàn cho da tay,1.8kg; nước giặt; pano,PANO,https://shopee.vn/Combo-4-nước-giặt-Pano-1.8kg-hương-nước-hoa-Pháp-giặt-tay-giặt-máy-sạch-sâu-vết-bẩn-an-toàn-cho-da-tay-i.20523065.43672853910,True,2026-08-18 00:00:00
True,27042559428,Thùng nước giặt Pano Active 6 túi hương nước hoa Pháp sang trọng giặt tay giặt máy sạch sâu an toàn da tay,PANO,Nước giặt,681812,1311176,0.48,STANDARD,Thùng nước giặt Pano Active 6 túi hương nước hoa Pháp sang trọng giặt tay giặt máy sạch sâu an toàn da tay,active; nước giặt; pano,PANO,https://shopee.vn/Thùng-nước-giặt-Pano-Active-6-túi-hương-nước-hoa-Pháp-sang-trọng-giặt-tay-giặt-máy-sạch-sâu-an-toàn-da-tay-i.20523065.27042559428,True,2026-08-18 00:00:00
True,29550492191,Nước giặt xả Oplus 2in1 can 3.5kg hương nước hoa Pháp không cần nước xả sạch sâu mềm vải lưu hương thơm lâu,Oplus,Nước giặt,129390,208693,0.38,STANDARD,Nước giặt xả Oplus 2in1 can 3.5kg hương nước hoa Pháp không cần nước xả sạch sâu mềm vải lưu hương thơm lâu,2in1; can 3.5kg; nước giặt; oplus,Oplus,https://shopee.vn/Nước-giặt-xả-Oplus-2in1-can-3.5kg-hương-nước-hoa-Pháp-không-cần-nước-xả-sạch-sâu-mềm-vải-lưu-hương-thơm-lâu-i.20523065.29550492191,True,2026-08-18 00:00:00
True,42822813714,Thùng nước giặt Pano Fresh 6 túi hương táo hoa trắng giặt tay giặt máy sạch sâu vết bẩn an toàn da tay bán sỉ,PANO,Nước giặt,681812,1311176,0.48,STANDARD,Thùng nước giặt Pano Fresh 6 túi hương táo hoa trắng giặt tay giặt máy sạch sâu vết bẩn an toàn da tay bán sỉ,fresh; nước giặt; pano,PANO,https://shopee.vn/Thùng-nước-giặt-Pano-Fresh-6-túi-hương-táo-hoa-trắng-giặt-tay-giặt-máy-sạch-sâu-vết-bẩn-an-toàn-da-tay-bán-sỉ-i.20523065.42822813714,True,2026-08-18 00:00:00
True,29842549801,Thùng nước giặt Pano Warmish6 túi hương táo dứa hoa nhài giặt tay giặt máy sạch sâu an toàn da tay bán sỉ,PANO,Nước giặt,552653,1151360,0.52,STANDARD,Thùng nước giặt Pano Warmish6 túi hương táo dứa hoa nhài giặt tay giặt máy sạch sâu an toàn da tay bán sỉ,nước giặt; pano; warmish,PANO,https://shopee.vn/Thùng-nước-giặt-Pano-Warmish6-túi-hương-táo-dứa-hoa-nhài-giặt-tay-giặt-máy-sạch-sâu-an-toàn-da-tay-bán-sỉ-i.20523065.29842549801,True,2026-08-18 00:00:00
True,26042584534,Thùng nước giặt Pano Elegant 6 túi hương nước hoa Pháp cổ điển giặt tay giặt máy sạch sâu an toàn da tay,PANO,Nước giặt,555939,1292881,0.57,STANDARD,Thùng nước giặt Pano Elegant 6 túi hương nước hoa Pháp cổ điển giặt tay giặt máy sạch sâu an toàn da tay,elegant; nước giặt; pano,PANO,https://shopee.vn/Thùng-nước-giặt-Pano-Elegant-6-túi-hương-nước-hoa-Pháp-cổ-điển-giặt-tay-giặt-máy-sạch-sâu-an-toàn-da-tay-i.20523065.26042584534,True,2026-08-18 00:00:00
True,19819336767,Nước tẩy toilet đậm đặc Pano Hương trái cây Tẩy cặn vôi ố vàng khử mùi hôi Chai 960g,PANO,Tẩy Toilet,30000,30000,0,OUT_OF_STOCK,Nước tẩy toilet đậm đặc Pano Hương trái cây Tẩy cặn vôi ố vàng khử mùi hôi Chai 960g,pano; tẩy toilet,PANO,https://shopee.vn/Nước-tẩy-toilet-đậm-đặc-Pano-Hương-trái-cây-Tẩy-cặn-vôi-ố-vàng-khử-mùi-hôi-Chai-960g-i.20523065.19819336767,False,2026-08-24
True,20825187721,Nước tẩy quần áo màu Oxy Active ZeO Hương cam chanh oải hương Tẩy vết bẩn giữ màu không phai Chai 400ml,ZeO,Nước tẩy quần áo màu,39000,39000,0,OUT_OF_STOCK,Nước tẩy quần áo màu Oxy Active ZeO Hương cam chanh oải hương Tẩy vết bẩn giữ màu không phai Chai 400ml,active; cam chanh; nước tẩy quần áo màu; zeo,ZeO,https://shopee.vn/Nước-tẩy-quần-áo-màu-Oxy-Active-ZeO-Hương-cam-chanh-oải-hương-Tẩy-vết-bẩn-giữ-màu-không-phai-Chai-400ml-i.20523065.20825187721,False,2026-08-24
True,18983291625,Bộ 4 Tinh dầu thơm phòng 4in1 ZeO Hương SPA bưởi biển Midnight Khử mùi thư giãn 4 chai kèm kẹp treo,ZeO,Tinh dầu & Nước hoa,233367,288107,0.19,OUT_OF_STOCK,Bộ 4 Tinh dầu thơm phòng 4in1 ZeO Hương SPA bưởi biển Midnight Khử mùi thư giãn 4 chai kèm kẹp treo,tinh dầu & nước hoa; zeo,ZeO,https://shopee.vn/Bộ-4-Tinh-dầu-thơm-phòng-4in1-ZeO-Hương-SPA-bưởi-biển-Midnight-Khử-mùi-thư-giãn-4-chai-kèm-kẹp-treo-i.20523065.18983291625,False,2026-08-24
